-- phpMyAdmin SQL Dump
-- version 4.1.12
-- http://www.phpmyadmin.net
--
-- Host: 127.0.0.1
-- Generation Time: 18 Feb 2016 pada 06.46
-- Versi Server: 5.6.16
-- PHP Version: 5.5.11

SET SQL_MODE = "NO_AUTO_VALUE_ON_ZERO";
SET time_zone = "+00:00";


/*!40101 SET @OLD_CHARACTER_SET_CLIENT=@@CHARACTER_SET_CLIENT */;
/*!40101 SET @OLD_CHARACTER_SET_RESULTS=@@CHARACTER_SET_RESULTS */;
/*!40101 SET @OLD_COLLATION_CONNECTION=@@COLLATION_CONNECTION */;
/*!40101 SET NAMES utf8 */;

--
-- Database: `penempatantoko`
--

-- --------------------------------------------------------

--
-- Struktur dari tabel `berita`
--

CREATE TABLE IF NOT EXISTS `berita` (
  `id_berita` int(11) NOT NULL AUTO_INCREMENT,
  `judul` varchar(100) NOT NULL,
  `isi` text NOT NULL,
  `tanggal` timestamp NOT NULL DEFAULT CURRENT_TIMESTAMP ON UPDATE CURRENT_TIMESTAMP,
  `status` int(11) NOT NULL,
  `gambar` varchar(100) NOT NULL,
  `id_user` varchar(20) NOT NULL,
  PRIMARY KEY (`id_berita`)
) ENGINE=MyISAM  DEFAULT CHARSET=latin1 AUTO_INCREMENT=16 ;

--
-- Dumping data untuk tabel `berita`
--

INSERT INTO `berita` (`id_berita`, `judul`, `isi`, `tanggal`, `status`, `gambar`, `id_user`) VALUES
(14, 'Penyebab Kematian Ibu di Kota Besar : Kemiskinan Hingga Istri ''Sambungan''', '<p><span style="font-size: small;">&nbsp;<strong>Jakarta,</strong> Ketika berbicara mengenai kematian ibu melahirkan, biasanya yang terlintas di pikiran banyak orang adalah kematian yang terjadi pada ibu hamil yang ingin melahirkan dan tinggal di desa terpencil atau pedalaman. Nyatanya, kematian ibu melahirkan juga tinggi di beberapa kota besar. </span><span style="font-size: small;">"Di Jawa Tengah, Semarang itu kan bisa dikatakan kota besar ya, angka kematian ibu (AKI)-nya sekitar 30. Itu penduduknya tingkat pendidikannya tinggi, transportasi pun mudah. Tapi AKI-nya tinggi," tutur dr Anung Sugihartono M.Kes dari Dirjen Bina Gizi dan Kesehatan Ibu dan Anak Kementerian Kesehatan.</span></p>\r\n<p><span style="font-size: small;">"Mengapa? Memang masih dipelajari sebabnya, tapi setidaknya kondisi yang mengancam saat mengandung seperti pre-eklampsi atau eklampsia kan kita nggak tahu ya atau misal saat si ibunya mengejan," imbuh Anung saat menjadi pembicara di Rapat Kerja Nasional Program Kependudukan, KB, dan Pembangunan Keluarga di Jakarta Convention Center, Jakarta, Rabu (12/2/2014).</span></p>\r\n<p><span style="font-size: small;">Anung menyimpulkan bahwa transportasi, tingkat pendidikan, dan kondisi ekonomi bukan satu-satunya faktor penyebab kematian ibu. Pria yang baru satu bulan bertugas di Dirjen Bina Gizi dan Kesehatan Ibu dan Anak Kementerian Kesehatan ini memang berasal dari Jawa Tengah. Sehingga, ia mengaku hafal mana wilayah di Jawa Tengah yang memiliki AKI tinggi.</span></p>\r\n<p><span style="font-size: small;">Beberapa wilayah yang memiliki AKI tinggi antara lain Brebes, Semarang, Pekalongan, Grobogan, Banyumas dan Cilacap. Di Brebes, AKI yang tinggi disebabkan masalah kultural di mana banyak wanita yang ditinggalkan suaminya untuk bekerja di luar kota.</span></p>\r\n<p><span style="font-size: small;">Akibatnya, proses pengambilan keputusan memakan waktu cukup lama karena si ibu harus berdiskusi dulu dengan orang tuanya. Sementara itu, kemiskinan menjadi penyebab tingginya AKI di Cilacap.</span></p>\r\n<p><span style="font-size: small;">"Kematian ibu tertinggi itu di Batang karena angka perceraian juga tinggi. Bahkan waktu itu saya amati ada empat orang umurnya di atas 35 tahun tapi harus hamil karena dia istri sambungan dan suaminya ingin anak dari wanita itu. Padahal ada juga riwayat penyakit tertentu," jelas Anung.</span></p>\r\n<p><span style="font-size: small;">Oleh karena itu, menurut Anung penyelesaian masalah yang dilakukan harus bersifat individual karena intervensi tidak cukup hanya dengan kebijakan makro.</span></p>\r\n<p><span style="font-size: small;">"Ini tantangan yang harus dihadapi. Kita fokus di sembilan provinsi ini. Di provinsi yang lain intervensi tetap kita jalankan sesuai program, hanya di 64 kabupaten ini intervensinya lebih bersifat individual dan intensitasnya juga lebih banyak," pungkas Anung. <br /></span></p>', '2014-07-18 07:23:44', 1, '180554_mombaby.jpg', '1'),
(15, 'Putri Citra Bela, Juara Umum Gebyar 1001 Poster BKKBN 2013', '<p style="text-align: justify;"><span style="font-size: small;"><strong>Jakarta,</strong> Dalam rangka mewujudkan remaja Indonesia yang lebih berkualitas, Badan Kependudukan dan Keluarga Berencana Nasional (BKKBN) mengadakan Lomba Gebyar 1001 Poster BKKBN 2013. Di tahun keempatnya, lomba poster ini mengumumkan sebagai juara umum.</span></p>\r\n<p style="text-align: justify;"><span style="font-size: small;">"BKKBN menawarkan upaya persiapan keluarga bagi remaja melalui berbagai media, saat ini melakukan pendekatan dalam seni berupa poster. Seni sebagai bahasa universal mampu menembus bahasa kehidupan," ungkap ketua panitia lomba, Yunus Patriawan Noya, MSi, dalam acara pengumuman yang diselenggarakan di Theater Keong Mas TMII, Jakarta, Minggu (24/11/2013).</span></p>\r\n<p style="text-align: justify;"><span style="font-size: small;">Dengan mengangkat tema &lsquo;&rsquo;Yang Muda, Yang Berencana&rsquo;&rsquo; dan sub tema &lsquo;&rsquo;Menikah di Usia Ideal&rsquo;&rsquo;, kegiatan ini kali keempat dilaksanakan sejak bulan September tahun ini.</span><br /><span style="font-size: small;"> "Tahun ini dari seluruh Indonesia terkirim 1.568 poster. Ini merupakan rekor selama 4 kali lomba poster," terang Yunus.</span></p>\r\n<p style="text-align: justify;"><span style="font-size: small;">Lomba ini dibagi menjadi tiga kategori, yaitu usia 10-13 tahun; usia 14-17 tahun; dan usia 18-24 tahun, manual maupun digital. Para pemenang akan mendapatkan hadiah berupa piala, piagam dan uang masing-masing untuk juara 1 Rp 25 juta, untuk juara 2 Rp 20 juta, dan untuk juara 3 Rp 15 juta.</span><br /><span style="font-size: small;"> "Provinsi pengirim poster terbanyak adalah Jawa Timur, Riau, dan Maluku," ujar Yunus.</span></p>\r\n<p style="text-align: justify;"><span style="font-size: small;">Dewan juri dalam lomba ini terdiri dari berbagai ahli diantaranya Arswendo Atmowiloto (jurnalis dan budayawan), Moeryono Aladin (mitra BKKBN/SIKIB), Arif Priyono SA (akademisi/BINUS), Uung Kusmana (BKKBN Pusat) dan Sony Wibisono (praktisi desain).</span></p>', '2014-07-18 09:07:33', 1, 'poster2-ajeng.jpg', '1');

-- --------------------------------------------------------

--
-- Struktur dari tabel `externallayers`
--

CREATE TABLE IF NOT EXISTS `externallayers` (
  `LayerID` int(11) NOT NULL,
  `MySQLServer` char(250) DEFAULT NULL,
  `UserName` char(250) DEFAULT NULL,
  `Password` char(250) DEFAULT NULL,
  `DatabaseName` char(250) DEFAULT NULL,
  `TableName` char(250) DEFAULT NULL,
  `LongitudeField` char(250) DEFAULT NULL,
  `LatitudeField` char(250) DEFAULT NULL,
  PRIMARY KEY (`LayerID`)
) ENGINE=InnoDB DEFAULT CHARSET=latin1;

-- --------------------------------------------------------

--
-- Struktur dari tabel `gallery`
--

CREATE TABLE IF NOT EXISTS `gallery` (
  `id_galeri` int(10) NOT NULL AUTO_INCREMENT,
  `nama_galeri` varchar(20) NOT NULL,
  `gambar` varchar(50) NOT NULL,
  `tanggal` timestamp NOT NULL DEFAULT CURRENT_TIMESTAMP ON UPDATE CURRENT_TIMESTAMP,
  `id_user` varchar(20) NOT NULL,
  `id_kategori` int(11) NOT NULL,
  PRIMARY KEY (`id_galeri`)
) ENGINE=MyISAM  DEFAULT CHARSET=latin1 AUTO_INCREMENT=15 ;

--
-- Dumping data untuk tabel `gallery`
--

INSERT INTO `gallery` (`id_galeri`, `nama_galeri`, `gambar`, `tanggal`, `id_user`, `id_kategori`) VALUES
(6, 'penyuluhan', '3.jpg', '2016-01-27 01:37:17', '1', 1),
(7, 'jalan sehat', 'start.jpg', '2014-06-04 05:23:23', '1', 2),
(14, 'Data Untuk Pusat', 'Data Permintaan Pusat (utk tgl 6 Agst).xlsx', '2014-07-22 15:21:19', '1', 1),
(13, 'Data BAPPEDA', 'DATA BAPPEDA DARI BKKBN.xlsx', '2014-07-22 15:16:10', '1', 1);

-- --------------------------------------------------------

--
-- Struktur dari tabel `imr`
--

CREATE TABLE IF NOT EXISTS `imr` (
  `id_imr` int(11) NOT NULL AUTO_INCREMENT,
  `id_sumber` int(11) NOT NULL,
  `id_kab` varchar(4) NOT NULL,
  `jumlah` double NOT NULL,
  `tahun` varchar(4) NOT NULL,
  PRIMARY KEY (`id_imr`)
) ENGINE=MyISAM  DEFAULT CHARSET=latin1 AUTO_INCREMENT=212 ;

--
-- Dumping data untuk tabel `imr`
--

INSERT INTO `imr` (`id_imr`, `id_sumber`, `id_kab`, `jumlah`, `tahun`) VALUES
(35, 1, '3376', 30, '2010'),
(34, 1, '3375', 18.3, '2010'),
(33, 1, '3374', 13, '2010'),
(32, 1, '3373', 14.3, '2010'),
(31, 1, '3372', 13.7, '2010'),
(30, 1, '3371', 13.3, '2010'),
(29, 1, '3329', 28.7, '2010'),
(28, 1, '3328', 24.7, '2010'),
(27, 1, '3327', 20, '2010'),
(26, 1, '3326', 20, '2010'),
(25, 1, '3325', 18.3, '2010'),
(24, 1, '3324', 19, '2010'),
(23, 1, '3323', 16.7, '2010'),
(22, 1, '3322', 16.7, '2010'),
(21, 1, '3321', 16.7, '2010'),
(20, 1, '3320', 15.7, '2010'),
(19, 1, '3319', 13.3, '2010'),
(18, 1, '3318', 17, '2010'),
(17, 1, '3317', 18.3, '2010'),
(16, 1, '3316', 18.7, '2010'),
(15, 1, '3315', 18.3, '2010'),
(14, 1, '3314', 16.7, '2010'),
(13, 1, '3313', 13, '2010'),
(12, 1, '3312', 14.7, '2010'),
(11, 1, '3311', 13, '2010'),
(10, 1, '3310', 13, '2010'),
(9, 1, '3309', 15.3, '2010'),
(8, 1, '3308', 21.7, '2010'),
(7, 1, '3307', 28, '2010'),
(6, 1, '3306', 20.3, '2010'),
(5, 1, '3305', 22.3, '2010'),
(4, 1, '3304', 20.3, '2010'),
(3, 1, '3303', 22.7, '2010'),
(2, 1, '3302', 22, '2010'),
(1, 1, '3301', 21, '2010');

-- --------------------------------------------------------

--
-- Struktur dari tabel `jenis_kb`
--

CREATE TABLE IF NOT EXISTS `jenis_kb` (
  `id_kb` int(2) NOT NULL AUTO_INCREMENT,
  `nama_kb` varchar(25) NOT NULL,
  `keterangan` varchar(30) NOT NULL,
  PRIMARY KEY (`id_kb`)
) ENGINE=InnoDB  DEFAULT CHARSET=latin1 AUTO_INCREMENT=6 ;

--
-- Dumping data untuk tabel `jenis_kb`
--

INSERT INTO `jenis_kb` (`id_kb`, `nama_kb`, `keterangan`) VALUES
(1, 'Prevalensi KB', ''),
(2, 'KB Pria', ''),
(3, 'Unmetneed', ''),
(4, 'PB Swasta', 'Peserta KB Baru Swasta'),
(5, 'PB Pra SKS I', 'PB Pra sejahtera dan sejahter');

-- --------------------------------------------------------

--
-- Struktur dari tabel `jumlah_penduduk`
--

CREATE TABLE IF NOT EXISTS `jumlah_penduduk` (
  `id_data` int(11) NOT NULL AUTO_INCREMENT,
  `id_sumber` int(11) NOT NULL,
  `kode_kab` varchar(4) NOT NULL,
  `tahun` varchar(4) NOT NULL,
  `pria` bigint(20) NOT NULL,
  `wanita` bigint(20) NOT NULL,
  PRIMARY KEY (`id_data`)
) ENGINE=InnoDB  DEFAULT CHARSET=latin1 AUTO_INCREMENT=509 ;

--
-- Dumping data untuk tabel `jumlah_penduduk`
--

INSERT INTO `jumlah_penduduk` (`id_data`, `id_sumber`, `kode_kab`, `tahun`, `pria`, `wanita`) VALUES
(1, 1, '3301', '2010', 824279, 817828),
(2, 1, '3302', '2010', 778197, 776330),
(3, 1, '3303', '2010', 420258, 428694),
(4, 1, '3304', '2010', 436152, 432761),
(5, 1, '3305', '2010', 578724, 581202),
(6, 1, '3306', '2010', 343644, 351783),
(7, 1, '3307', '2010', 383401, 371482),
(8, 1, '3308', '2010', 594117, 587606),
(9, 1, '3309', '2010', 459044, 471487),
(10, 1, '3310', '2010', 555700, 574347),
(11, 1, '3311', '2010', 409174, 415064),
(12, 1, '3312', '2010', 452386, 476518),
(13, 1, '3313', '2010', 402964, 410232),
(14, 1, '3314', '2010', 421363, 436903),
(15, 1, '3315', '2010', 648598, 660098),
(16, 1, '3316', '2010', 409170, 420558),
(17, 1, '3317', '2010', 409170, 420558),
(18, 1, '3318', '2010', 295266, 296093),
(19, 1, '3319', '2010', 578127, 612866),
(20, 1, '3320', '2010', 383508, 393929),
(21, 1, '3321', '2010', 523984, 531595),
(22, 1, '3322', '2010', 458203, 472524),
(23, 1, '3323', '2010', 355819, 352727),
(24, 1, '3324', '2010', 457263, 443050),
(25, 1, '3325', '2010', 353603, 353161),
(26, 1, '3326', '2010', 417406, 421838),
(27, 1, '3327', '2010', 625565, 635788),
(28, 1, '3328', '2010', 694695, 700144),
(29, 1, '3329', '2010', 872934, 860935),
(30, 1, '3371', '2010', 58311, 59916),
(31, 1, '3372', '2010', 243296, 256041),
(32, 1, '3373', '2010', 83479, 86853),
(33, 1, '3374', '2010', 764487, 791497),
(34, 1, '3375', '2010', 140983, 140451),
(35, 1, '3376', '2010', 118872, 120727),
(36, 1, '3301', '2011', 832062, 819888),
(37, 1, '3302', '2011', 788938, 781660),
(38, 1, '3303', '2011', 426606, 432192),
(39, 1, '3304', '2011', 440816, 434398),
(40, 1, '3305', '2011', 581298, 580996),
(41, 1, '3306', '2011', 345191, 350950),
(42, 1, '3307', '2011', 386790, 372203),
(43, 1, '3308', '2011', 602517, 591836),
(44, 1, '3309', '2011', 463755, 473067),
(45, 1, '3310', '2011', 560182, 575019),
(46, 1, '3311', '2011', 414502, 417592),
(47, 1, '3312', '2011', 454451, 475419),
(48, 1, '3313', '2011', 408585, 413109),
(49, 1, '3314', '2011', 424645, 437294),
(50, 1, '3315', '2011', 654822, 661871),
(51, 1, '3316', '2011', 412601, 421185),
(52, 1, '3317', '2011', 298302, 298499),
(53, 1, '3318', '2011', 584038, 614897),
(54, 1, '3319', '2011', 390201, 398063),
(55, 1, '3320', '2011', 557728, 557960),
(56, 1, '3321', '2011', 531979, 536014),
(57, 1, '3322', '2011', 466790, 478087),
(58, 1, '3323', '2011', 360744, 355163),
(59, 1, '3324', '2011', 462997, 445536),
(60, 1, '3325', '2011', 358419, 355523),
(61, 1, '3326', '2011', 422267, 423204),
(62, 1, '3327', '2011', 629314, 635221),
(63, 1, '3328', '2011', 699564, 700225),
(64, 1, '3329', '2011', 880286, 862242),
(65, 1, '3371', '2011', 58701, 59905),
(66, 1, '3372', '2011', 245283, 256367),
(67, 1, '3373', '2011', 85111, 87945),
(68, 1, '3374', '2011', 781669, 803748),
(69, 1, '3375', '2011', 142963, 141450),
(70, 1, '3376', '2011', 119869, 120908),
(474, 1, '3301', '2012', 841392, 838427),
(475, 1, '3302', '2012', 800728, 802309),
(476, 1, '3303', '2012', 433425, 444064),
(477, 1, '3304', '2012', 446245, 444717),
(478, 1, '3305', '2012', 588284, 593394),
(479, 1, '3306', '2012', 349321, 359162),
(480, 1, '3307', '2012', 390970, 380477),
(481, 1, '3308', '2012', 611711, 607660),
(482, 1, '3309', '2012', 469242, 484075),
(483, 1, '3310', '2012', 565750, 587297),
(484, 1, '3311', '2012', 420398, 428320),
(485, 1, '3312', '2012', 459859, 486514),
(486, 1, '3313', '2012', 414715, 424047),
(487, 1, '3314', '2012', 428761, 46522),
(488, 1, '3315', '2012', 662215, 676912),
(489, 1, '3316', '2012', 416823, 430302),
(490, 1, '3317', '2012', 303183, 305365),
(491, 1, '3318', '2012', 590871, 629122),
(492, 1, '3319', '2012', 397211, 409794),
(493, 1, '3320', '2012', 570684, 574232),
(494, 1, '3321', '2012', 540561, 550818),
(495, 1, '3322', '2012', 475682, 492701),
(496, 1, '3323', '2012', 366155, 364565),
(497, 1, '3324', '2012', 469461, 456864),
(498, 1, '3325', '2012', 363720, 364858),
(499, 1, '3326', '2012', 427785, 433581),
(500, 1, '3327', '2012', 635899, 649126),
(501, 1, '3328', '2012', 706171, 714830),
(502, 1, '3329', '2012', 889428, 881052),
(503, 1, '3371', '2012', 59274, 61173),
(504, 1, '3372', '2012', 247728, 261848),
(505, 1, '3373', '2012', 86788, 90692),
(506, 1, '3374', '2012', 799034, 830890),
(507, 1, '3375', '2012', 145130, 145217),
(508, 1, '3376', '2012', 121101, 123531);

-- --------------------------------------------------------

--
-- Struktur dari tabel `jumlah_penduduk_umur`
--

CREATE TABLE IF NOT EXISTS `jumlah_penduduk_umur` (
  `id_data` int(11) NOT NULL AUTO_INCREMENT,
  `id_range` int(11) NOT NULL,
  `laki` bigint(20) NOT NULL,
  `perempuan` bigint(20) NOT NULL,
  `tahun` varchar(4) NOT NULL,
  `id_sumber` int(11) NOT NULL,
  PRIMARY KEY (`id_data`)
) ENGINE=MyISAM  DEFAULT CHARSET=latin1 AUTO_INCREMENT=388 ;

--
-- Dumping data untuk tabel `jumlah_penduduk_umur`
--

INSERT INTO `jumlah_penduduk_umur` (`id_data`, `id_range`, `laki`, `perempuan`, `tahun`, `id_sumber`) VALUES
(16, 16, 330802, 438166, '2010', 1),
(15, 15, 299511, 386369, '2010', 1),
(14, 14, 401455, 467239, '2010', 1),
(13, 13, 485944, 538874, '2010', 1),
(12, 12, 739978, 687458, '2010', 1),
(11, 11, 936893, 937427, '2010', 1),
(10, 10, 1075721, 1122669, '2010', 1),
(9, 9, 1181798, 1237567, '2010', 1),
(8, 8, 1193062, 1229702, '2010', 1),
(7, 7, 1249894, 1279405, '2010', 1),
(6, 6, 1269390, 1319021, '2010', 1),
(5, 5, 1153176, 1192638, '2010', 1),
(4, 4, 1396947, 1315865, '2010', 1),
(3, 3, 1529410, 1445624, '2010', 1),
(2, 2, 1451903, 1377467, '2010', 1),
(1, 1, 1395228, 1316054, '2010', 1),
(258, 1, 1361898, 1281050, '2011', 1),
(259, 2, 1443898, 1368053, '2011', 1),
(260, 3, 1502898, 1416055, '2011', 1),
(261, 4, 1404898, 1339052, '2011', 1),
(262, 5, 1248898, 1253048, '2011', 1),
(263, 6, 1231898, 1277050, '2011', 1),
(264, 7, 1253898, 1291049, '2011', 1),
(266, 9, 1181898, 1233047, '2011', 1),
(267, 10, 1103898, 1154045, '2011', 1),
(268, 11, 969999, 971038, '2011', 1),
(269, 12, 767999, 738029, '2011', 1),
(270, 13, 537999, 554022, '2011', 1),
(271, 14, 389000, 455018, '2011', 1),
(272, 15, 327000, 357014, '2011', 1),
(273, 16, 327999, 427017, '2011', 1),
(276, 1, 1420996, 1343948, '2012', 1),
(277, 2, 1401645, 1336414, '2012', 1),
(278, 3, 1505425, 1431727, '2012', 1),
(279, 4, 1485929, 1393785, '2012', 1),
(280, 5, 1197305, 1223216, '2012', 1),
(281, 6, 1197305, 1262385, '2012', 1),
(282, 7, 1269064, 1316010, '2012', 1),
(283, 8, 1217139, 1257220, '2012', 1),
(284, 9, 1190920, 1250122, '2012', 1),
(285, 10, 1127299, 1191185, '2012', 1),
(286, 11, 990301, 1019963, '2012', 1),
(287, 12, 813273, 787868, '2012', 1),
(288, 13, 567903, 583690, '2012', 1),
(289, 14, 407899, 478522, '2012', 1),
(290, 15, 315793, 398646, '2012', 1),
(291, 16, 359745, 499801, '2012', 1);

-- --------------------------------------------------------

--
-- Struktur dari tabel `kabupaten`
--

CREATE TABLE IF NOT EXISTS `kabupaten` (
  `Geometry` longblob,
  `XMin` int(11) DEFAULT NULL,
  `XMax` int(11) DEFAULT NULL,
  `YMin` int(11) DEFAULT NULL,
  `YMax` int(11) DEFAULT NULL,
  `kode_kab` varchar(4) NOT NULL DEFAULT '',
  `nama_kab` char(50) DEFAULT NULL,
  `Luas` decimal(11,2) NOT NULL,
  PRIMARY KEY (`kode_kab`)
) ENGINE=InnoDB DEFAULT CHARSET=latin1;

--
-- Dumping data untuk tabel `kabupaten`
--

INSERT INTO `kabupaten` (`Geometry`, `XMin`, `XMax`, `YMin`, `YMax`, `kode_kab`, `nama_kab`, `Luas`) VALUES
(0x4d20353038373120323732313331204c20353237303420323732313939204c20353239373620323734333836204c20353436373320323735363835204c20353932323220323735383232204c20353933353820323734333836204c20363035383020323734353233204c20363138373020323831373637204c20363633373220323834343932204c20373734383920323837393934204c20383035343420323838393334204c20383433353520323839343130204c20383532393720323933383839204c20393436333320323934383238204c20393636363920333031303634204c2031303331313920333034313430204c2031303539323020333038353832204c2031313532353520333135363732204c2031313535313020333139313735204c2031313134333620333238303539204c2031313134333620333331383138204c2031303636383420333336393434204c2031303136373720333339313635204c2031303135393220333431353537204c2031303239353020333433323635204c2031303738373220333432313535204c2031313236323520333432343936204c2031313534323520333435343031204c2031313636393820333435373432204c2031313637383320333530323730204c2031323535323420333538323135204c2031333635353720333633393338204c2031343639313120333635333931204c2031343839343820333636363732204c2031353536353320333636333330204c2031353739343420333634303234204c2031353833363820333630363037204c2031363534393720333631373137204c2031373432333920333636363732204c2031373739373320333730363032204c2031373833393720333733323530204c2031383032363420333734343436204c2031383530313720333735323135204c2031393636343420333739323330204c2032303030333920333830323535204c2032303337373320333830333430204c2032303037313720333832393838204c2032303036333320333834373832204c2032303333343820333838313134204c2032303335313820333931383733204c2032303530343620333933303639204c2032303438373620333935313139204c2032303233333020333935323930204c2031393634373420333935343631204c2031393635353920333934333530204c2031383534343120333932393833204c2031383532373220333931373032204c2031373739373320333931323735204c2031373638373020333930333335204c2031363637373020333930303739204c2031363636303120333839323235204c2031333931383820333839323235204c2031333932373320333930343231204c2031333537393420333930353036204c2031333432363620333931343436204c2031333233393920333933333235204c2031333035333220333935333735204c2031323935393820333936393133204c2031323838333420333938373932204c2031323839313920343030343135204c2031333237333820343030343135204c2031333233313420343032353531204c2031333338343220343032393738204c2031333430313120343038373032204c2031323930383920343039303434204c2031323935393820343037363737204c2031323131313120343037353931204c2031313839303520343035363236204c2031313733373720343035313134204c2031313637383320343034323630204c2031303639333820343033393138204c2031303635313420343032383933204c2031303033313920343032373232204c20393934373020343031363131204c20393537333620343031313834204c20393532323720343030333330204c20383036323920343030323435204c20373937383120333938373037204c20373933353620333933393233204c20373833333820333933393233204c20373832353320333930383438204c20383035343420333839333935204c20383037393920333836343931204c20373437373320333836313439204c20373036313520333830393338204c20373037383520333736343131204c20363831353420333735313239204c20363739383420333730363837204c20373031393120333638333831204c20373037303020333633313639204c20373137313820333632353732204c20373037383520333630323635204c20373130333920333537313930204c20363935393720333536353932204c20363932353720333534363237204c20363831353420333534303239204c20363737323920333531353531204c20363436373420333438393839204c20363334303120333435393939204c20363338323520333431393834204c20363434323020333337383833204c20363037373020333335333230204c20353831333920333332373538204c20353635323720333236343336204c20353130313020333139333436204c20343632353820333139333436204c20343532333920333230323030204c20333631353920333139383538204c20333232353520333136383638204c20333232353520333031373438204c20333537333420323935363833204c20333537333420323930343732204c20333230303020323837363532204c20333239333420323738333431204c20343030363220323735363037204c20343438313520323733383939204c20343939303720323733343732204c20353038373120323732313331207a, 32000, 205046, 272131, 409044, '3301', 'Cilacap', '2138.51'),
(0x4d2031363132303020323938353739204c2031363731303620323935343335204c2031373033363520323936353239204c2031373431303020333031383630204c2031383032373820333135343539204c2031383432313620333235353036204c2031383738383220333331353838204c2031393134383120333336383530204c2031393236333520333430323637204c2031383838333320333432303434204c2031383835363120333436313435204c2031393639383020333436323831204c2031393931353320333533323532204c2032303538303620333537303131204c2032303836353820333535333731204c2032313132333820333535323334204c2032313033303220333630373830204c2032303634383520333632363135204c2032313035353920333636393839204c2032313238363720333731373034204c2032313235393620333735353331204c2032303837373520333738313231204c2032303339343220333830333430204c2032303031373120333830333135204c2031393637303820333739323930204c2031383531363620333735333935204c2031383034313420333734353036204c2031373833373720333733333434204c2031373738383820333730353136204c2031373431363720333636373135204c2031363534373720333631373236204c2031353834313620333630373730204c2031353830323920333633393338204c2031353537363820333636333734204c2031343839373920333636363437204c2031343638303620333635343137204c2031333636323220333633393832204c2031323534383720333538323431204c2031313637323920333530313737204c2031313636393820333435373432204c2031313532353520333435333135204c2031313235343020333432343936204c2031303736393920333432323439204c2031303238313120333433323734204c2031303135323120333431363334204c2031303135323120333339323432204c2031303635343520333336393837204c2031313133363520333331393330204c2031313133363520333238313033204c2031313534333920333139313530204c2031313532333520333135353238204c2031323537353920333135353238204c2031333132353820333136393633204c2031333439393220333136383236204c2031333735373220333132313131204c2031343732313320333030383334204c2031363132303020323938353739207a, 101521, 212867, 295435, 380340, '3302', 'Banyumas', '1327.59'),
(0x4d2032303131323220323835333231204c2032303632313420323835353236204c2032313135373720323834323237204c2032313338313820323830313935204c2032313635333420323831303834204c2032313633393820323836383234204c2032323034373120323932303138204c2032323430373020323933303434204c2032323930323620323932373032204c2032333139343620323934303639204c2032333138373820323936373334204c2032333737313720323938393231204c2032333737383420323937303736204c2032343532353320323938393839204c2032343531313720333031383630204c2032343033363420333039343435204c2032333834363320333134303234204c2032333031313220333134303234204c2032333032343820333138313235204c2032333438363520333238353133204c2032333136303620333330373030204c2032323630333920333332343038204c2032323631373520333339333739204c2032313738323420333339333131204c2032313035353920333431343937204c2032303738343320333434373738204c2032303032333920333435333235204c2031393638343420333436333530204c2031383834393320333436323133204c2031383837363520333431393037204c2031393236333520333430323637204c2031393133343520333336373134204c2031383736373820333331333135204c2031383431343820333235333639204c2031383034313420333135383031204c2031373430333220333031373931204c2031373034333320323936353937204c2031363730333920323935343335204c2031373834343520323931313938204c2031383836323920323839303131204c2032303131323220323835333231207a, 167039, 245253, 280195, 346350, '3303', 'Purbalingga', '777.65'),
(0x4d2032373138303020323837373831204c2032373837323520323832313039204c2032393134383920323832303431204c2032393135353720323832333832204c2032393537363620323832393239204c2032393639383820323832393239204c2033303030343420323832373932204c2033303739383720323835393336204c2033303739383720323839383331204c2033303138303920323931363737204c2032393832313020323933353232204c2032393438313620333032313333204c2032393430303120333034353933204c2032393133353320333038343230204c2032383735353120333133343039204c2032383533313120333135333233204c2032383133373320333231383135204c2032383133373320333237323832204c2032383533373820333239383739204c2032393535363320333333393830204c2032393437343820333338313439204c2032383234353920333338313439204c2032383033353420333336373134204c2032373439373720333337323835204c2032373532333220333335373438204c2032363938333120333336333732204c2032363831333320333339383537204c2032363937363320333430373436204c2032363734353420333435363636204c2032363339393220333439333537204c2032363133393820333439343136204c2032353535303520333437373137204c2032353532383820333435313434204c2032353338373520333435313838204c2032353130393220333436373630204c2032343532353320333532303232204c2032333533333820333532303636204c2032333438363520333533343537204c2032333130363320333532393739204c2032323836383720333531323730204c2032323231363920333531323730204c2032323031333220333534393631204c2032303837323620333535333731204c2032303538303620333537303131204c2031393838313320333533313135204c2031393639383020333436323831204c2032303034343320333435323536204c2032303738343320333434373039204c2032313036323720333431343239204c2032313738323420333339333131204c2032323631373520333339333739204c2032323539373120333332343038204c2032333137343220333330363331204c2032333437393720333238353133204c2032333031313220333137383531204c2032333031313220333134303234204c2032333833393620333133393536204c2032343032393720333039343435204c2032343531313720333031373233204c2032343532353320323939303538204c2032333738353220323937303736204c2032333737313720323938393231204c2032333138373820323936383032204c2032333138373820323934313337204c2032353236353320323834303232204c2032353939383620323832333134204c2032363434363720323836363838204c2032373138303020323837373831207a, 196980, 307987, 282041, 357011, '3304', 'Banjarnegara', '1069.74'),
(0x4d2032373531343720333335373438204c2032373532333220333337313134204c2032383032333920333336363837204c2032383236313520333338313430204c2032393437353120333338313430204c2032393637383820333430393539204c2032393131383720333530313835204c2032393037363220333538313239204c2032383834373120333630393438204c2032383833303120333636333330204c2032383638353820333637373833204c2032383536373020333639373437204c2032383537353520333731373938204c2032383831333120333731373938204c2032393030383320333733353036204c2032383733353720333832353934204c2032383838313020333832393033204c2032383835353920333836333132204c2032383731313320333838313134204c2032383833383620333930363737204c2032393036373820333932313239204c2032393331333920333932393833204c2032393331333920343030303734204c2032393433323720343032313234204c2032393433323720343137383432204c2032383932333520343137383432204c2032383430353820343136303439204c2032373330323520343133313434204c2032363338353920343131313739204c2032363238343120343130343936204c2032363038353220343130363238204c2032353430393920343038373032204c2032353335303520343037363737204c2032343832343420343037363737204c2032343738313920343036343831204c2032333733383020343036363532204c2032333231313920343035303239204c2032323835353420343035313939204c2032323739363020343034303033204c2032313336313720343033353736204c2032313330323320343035313939204c2032313030353320343036353636204c2032303533383520343036333130204c2032303438373620343035333730204c2032303133393620343034303033204c2032303138323120343032303339204c2032303032393320343031303939204c2032303032393320333935333735204c2032303238333920333935323034204c2032303438373620333935303334204c2032303436323120333932373237204c2032303335313820333931373837204c2032303332363420333838313134204c2032303035343820333834363937204c2032303037313720333832393033204c2032303335313820333830343236204c2032303839353020333738303334204c2032313235393920333735343731204c2032313238353420333731373132204c2032313034373720333637303134204c2032303634383920333632363537204c2032313032313720333630373830204c2032313132343120333535333130204c2032313939383320333534393639204c2032323232373420333531323130204c2032323839373920333531323935204c2032333038343620333532383333204c2032333437353020333533333435204c2032333533343420333532303634204c2032343531383820333531393739204c2032353130343420333436373638204c2032353336373520333435313434204c2032353532383820333435303539204c2032353535343220333437363232204c2032363130353920333439323435204c2032363431313420333439323435204c2032363733333920333435373432204c2032363937313520333430383733204c2032363739333320333339373633204c2032363938383520333336333436204c2032373531343720333335373438207a, 200293, 296788, 335748, 417842, '3305', 'Kebumen', '1282.70'),
(0x4d2033313637333220333531393739204c2033323735313020333635393033204c2033323938303220333634373037204c2033333236383720333539383338204c2033333435323220333537383237204c2033333730353920333537363235204c2033333931333720333632323330204c2033343639343520333634373037204c2033353138363720333730333435204c2033353531373720333736353831204c2033353532363220333831303234204c2033353438333820333832393033204c2033353537373120333835363337204c2033353536383620333939333035204c2033353038343920343037363737204c2033343438323320343039323134204c2033343237383620343133373432204c2033343130303420343133383237204c2033343130303420343137353031204c2033333939303120343137383432204c2033333939383620343232343536204c2033333836323820343238333530204c2033333736303920343331373637204c2033333439373920343331373637204c2033323631353220343237383337204c2033313437383020343235303138204c2033313234383920343233393933204c2033313237343320343233323234204c2033303736353120343232343536204c2033303735363620343231333435204c2032393839313020343139373232204c2032393530303620343138383638204c2032393432343220343137383432204c2032393433323720343032303339204c2032393331333920333939393033204c2032393331333920333932393833204c2032393039333220333932333835204c2032383833313420333930363536204c2032383730393020333838313033204c2032383835353920333836323637204c2032383837323620333832393033204c2032383733333520333832353934204c2032393030373220333733353437204c2032383831353820333731383435204c2032383839383020333639383333204c2032393133353620333639313439204c2032393530303620333633303834204c2032393934363020333539383634204c2033303231333520333533363837204c2033313133303020333534323030204c2033313435323520333534343536204c2033313531313920333531343636204c2033313637333220333531393739207a, 287090, 355771, 351466, 431767, '3306', 'Purworejo', '1282.74'),
(0x4d2033303739313920323835383638204c2033313236303420323834323237204c2033313532353220323836343833204c2033313634333120323931333634204c2033313838353020323932303837204c2033323433353020323938343432204c2033323434313820333035343133204c2033323737343520333130313937204c2033333030353320333133343738204c2033333630393620333138353335204c2033343037313220333236353939204c2033343036363320333333323833204c2033333838313120333334353237204c2033333836373620333434393833204c2033333639313020333438363733204c2033333639313020333532303930204c2033333730383120333537363235204c2033333435323220333537383439204c2033333237363920333539383133204c2033323938343920333634363635204c2033323736373720333636313030204c2033313636313020333531393534204c2033313531313620333531363830204c2033313435343420333534343637204c2033313132343620333534323039204c2033303231333520333533383538204c2032393934383220333539383230204c2032393439363620333633313739204c2032393133353320333639313736204c2032383839373720333639393237204c2032383831363220333731393039204c2032383537353620333731383030204c2032383536343420333639373430204c2032383638323320333637383134204c2032383832393220333636333336204c2032383833363620333631303433204c2032393037343220333537393638204c2032393130383220333530333133204c2032393637313720333431303139204c2032393437343820333338313439204c2032393535363320333334303438204c2032383535313420333330303136204c2032383133303520333237323134204c2032383133303520333231383834204c2032383531303720333135353238204c2032383737353520333133313336204c2032393132313720333038363235204c2032393430303120333034333838204c2032393533353920333030363239204c2032393832313020323933353232204c2033303135333720323931373435204c2033303739383720323839383331204c2033303739313920323835383638207a, 281305, 340712, 284227, 371909, '3307', 'Wonosobo', '984.68'),
(0x4d2033393432313320333231343733204c2033393834323320333231353432204c2033393934343120333231393532204c2034313130353120333231383834204c2034313039313520333237373631204c2034313439323120333336353737204c2034313831313220333338383332204c2034313437313720333435323536204c2034313137333020333438363035204c2034303538393120333530373234204c2034303733313720333532343332204c2034313930363220333536393433204c2034313839323720333630373031204c2034313630373520333631313131204c2034303832363720333639393237204c2034303130373020333733383931204c2033393633383620333739303137204c2033393130323220333831333430204c2033383634373320333838333830204c2033383333323220333838333436204c2033383333323220333738313633204c2033353533393920333736393431204c2033353136343320333730303634204c2033343638323320333634363635204c2033333931353120333632333432204c2033333730353920333537363033204c2033333637373420333438383130204c2033333836373620333434393135204c2033333838313120333334353237204c2033343036343420333333323937204c2033343036343420333236353331204c2033343332323420333234383931204c2033353830323520333234383232204c2033353930343420333236323537204c2033363232333520333236333934204c2033363430363820333235323332204c2033373035313820333235323332204c2033373134363820333236343632204c2033373339383120333236353331204c2033373638333220333233353234204c2033373930303520333232343330204c2033383132343520333232373034204c2033383131373720333234343830204c2033393432313320333231343733207a, 336774, 419062, 321473, 388380, '3308', 'Magelang', '1085.73'),
(0x4d2034383032363820323734343130204c2034383730383620323734333236204c2034393139393120323739353939204c2034383830313420323833373135204c2034383532353720323933393039204c2034383839393820323933363538204c2034393637333620323837343039204c2034393930353820323837343635204c2034393833303920323931303634204c2034393636333020323939363639204c2034393031363220323939363833204c2034393034393420333130303630204c2034393039393320333136323533204c2034383936363920333233363638204c2034383730383620333237303438204c2034383539373520333433323431204c2034383539373520333437343531204c2034383539373520333531363631204c2034383035393820333531353531204c2034373934353820333535323639204c2034373636323320333535333736204c2034373337303020333636373531204c2034343934373520333636383035204c2034343430393820333635353438204c2034333937353320333733323537204c2034333732333620333733303938204c2034323935363320333636333533204c2034313839393520333536393433204c2034303733313720333532343332204c2034303539313420333530373331204c2034313137323620333438353939204c2034313437313420333435323634204c2034313830323720333338383133204c2034313530353720333336363435204c2034313734333320333336363435204c2034323334373620333330313533204c2034323732303620333330323239204c2034343133383220333337333931204c2034343430393820333334363033204c2034343835303420333338393433204c2034343636353120333432323032204c2034353334343920333435363132204c2034363139323020333438323638204c2034363239343220333435313833204c2034353838353520333339303133204c2034353538333320333337373238204c2034353630343820333238363938204c2034353433323920333231393434204c2034353634373120333231383332204c2034353631373320333132373931204c2034353033343220333130363931204c2034353033333820333035303339204c2034353536353920333030363034204c2034353538323620323936303031204c2034353336363420323930363435204c2034363334373420323931343832204c2034363935343420323933343037204c2034373134353620323838373230204c2034363737313420323835323035204c2034373338363720323739373636204c2034383032363820323734343130207a, 405914, 499058, 274326, 373257, '3309', 'Boyolali', '1015.07'),
(0x4d2034343931313820333636373432204c2034373336393520333636373432204c2034383238363120333732353531204c2034383334303420333733393836204c2034383333333620333830363834204c2034373931393520333933303534204c2034373931323720343030323938204c2034373437313420343036323433204c2034373437313420343131353036204c2034363435333020343131353036204c2034363336343720343130323736204c2034363131333520343131303237204c2034353632343720343131303936204c2034353631313120343130333434204c2034353132323220343130333434204c2034343836343220343131383437204c2034343437373220343131383437204c2034343435303120343037393532204c2034333330323720343037393532204c2034333031373520343034363033204c2034323635373720343030393831204c2034323635373720333933353332204c2034323435343020333835383039204c2034323435343020333738393037204c2034313839323720333630333630204c2034313839373320333536393031204c2034333731363820333733303330204c2034333937343820333733313636204c2034343430323620333635353830204c2034343931313820333636373432207a, 418927, 483404, 356901, 411847, '3310', 'Klaten', '655.56'),
(0x4d2035313233393220333635373833204c2035313333313520333731343639204c2035323133303020333731373937204c2035323134303820333833373731204c2035323239323920333834343237204c2035323239323920333839303139204c2035323135313720333839313239204c2035313938383820343035343736204c2035313734393820343035343736204c2035313335383720343031323131204c2035303834383120343031313537204c2035303333373620343034303534204c2035303331353820343132323535204c2035303138303020343133363232204c2035303039383620343131353939204c2034393732333820343037373732204c2034393433353520343036363534204c2034393136373820343039353032204c2034393030353320343130393137204c2034383934333020343131343539204c2034383633323120343133363737204c2034383437343520343133363232204c2034383435383220343135323038204c2034373937343820343135323632204c2034373730383720343131343930204c2034373435383820343131343335204c2034373435373820343036343439204c2034373930343220343030323237204c2034373931363420333933313536204c2034383333333320333830353435204c2034383333333320333734333637204c2034383238393920333732363137204c2034373336363520333636383232204c2034373635393820333535323836204c2034373933363820333535323836204c2034383035363320333531353134204c2034383539393520333531363233204c2034383539343020333539343431204c2034383334393620333630363434204c2034383334393620333633393234204c2034383635333820333635313832204c2034383833333020333634313433204c2034393233353020333634313938204c2034393232393520333637393730204c2034393432353120333639323238204c2034393936323820333634363930204c2034393936323820333631373337204c2034393931393320333630353335204c2035303434363220333630393732204c2035313233393220333635373833207a, 473665, 522929, 351514, 415262, '3311', 'Sukoharjo', '466.66'),
(0x4d2035313734333920343035333732204c2035323435303420343035343736204c2035333138393120343032363333204c2035333831393220343032303331204c2035333835313820343033383930204c2035343135303520343034373635204c2035343334363020343031353339204c2035343439323720333939313838204c2035353038343720333939313838204c2035353434383720333937393331204c2035353833343320333934333737204c2035363138373320333931323631204c2035363535363720333930373134204c2035363537383420333932323435204c2035373236383220333932303831204c2035373635393320333935323532204c2035373635393320333937383232204c2035393033383920333937383232204c2035393033383920343035333132204c2035393334333120343039303834204c2035393334333120343135363435204c2035393630333820343136393537204c2035393630333820343231303538204c2035393138353620343231303538204c2035393138353620343237373832204c2035383430333420343338373732204c2035373730323720343338373732204c2035373135393620343335393833204c2035373135393620343334303135204c2035363638313620343333393631204c2035363138313920343336383034204c2035363138313920343431363639204c2035353735383220343431363639204c2035353735383220343530323533204c2035363030383120343532313637204c2035353935333820343536373539204c2035353832383920343536383638204c2035353833343320343632383833204c2035353037393320343632373733204c2035353039353620343630343232204c2035343733373120343630343232204c2035343038353320343637353330204c2035333435353320343637353330204c2035323834363920343637353330204c2035323635313420343634393630204c2035323432333320343634393630204c2035323330393220343639353533204c2035313832303420343732373234204c2035313537363020343738383437204c2035313436313920343834383631204c2035313333303020343835393032204c2035313333303020343837333338204c2035313433343720343837373539204c2035313435323220343930393630204c2035313435323220343934313732204c2035313432353020343935343032204c2035313233343920343935363735204c2035313136373020343934373837204c2035303535363020343934333737204c2035303136393020343931363433204c2034393934343920343837303634204c2034393631353220343836333932204c2034393633323620343834393436204c2034393734313320343834353336204c2034393830323420343833363437204c2034393831353920343832363232204c2034393736383420343830363430204c2034393639313220343739363637204c2034393633323620343739353437204c2034393531303420343739363135204c2034393433353720343833313639204c2034393137353220343833393836204c2034393030313420343833393836204c2034383839393420343732353736204c2034383638323120343639323936204c2034383439383820343632373335204c2034383230363820343535393031204c2034383230363820343531353935204c2034383335363220343530363338204c2034383338333420343435363439204c2034383538383620343435333837204c2034383538383620343238353438204c2034383734303720343235393234204c2034383734303720343139363336204c2034383634323920343139353832204c2034383632313220343133363737204c2034383737333320343132363338204c2034383935383020343131323731204c2034393037303620343130343133204c2034393434313420343036363739204c2034393732333820343037373137204c2035303034393720343131303533204c2035303131343920343131373633204c2035303137343620343133353637204c2035303331353820343132323535204c2035303332363720343034313039204c2035303833313820343031313537204c2035313336343120343031323131204c2035313734333920343035333732207a, 482068, 596038, 390714, 495675, '3312', 'Wonogiri', '1822.37'),
(0x4d2035323537353420333439373634204c2035333336323920333534373934204c2035343032353620333534393033204c2035333935363320333531383339204c2035333936373220333530333034204c2035343438313820333437313934204c2035343730353520333437313937204c2035343834303620333439343536204c2035343934383920333439333831204c2035343936323620333532363134204c2035353130313020333534333032204c2035353331383320333534333032204c2035353630373420333532373233204c2035363138373320333532373136204c2035363138373320333537313435204c2035363332333120333537313435204c2035363333343020333631373337204c2035373031323920333637363432204c2035373031323920333834303939204c2035373236323820333932303831204c2035363537383420333932323435204c2035363535313320333930373134204c2035363138373320333931323631204c2035353833343320333934333737204c2035353435393520333937393331204c2035353039303220333939313838204c2035343438373320333939323433204c2035343330323620343032323530204c2035343135353920343034383230204c2035333835313820343033383930204c2035333831393220343032303836204c2035333230303020343032363333204c2035323434353020343035343736204c2035313938383820343035343736204c2035323135313720333839303734204c2035323239323920333838393635204c2035323238373520333834343237204c2035323133353420333833373136204c2035323132343520333731373937204c2035313333313520333731343639204c2035313233393220333635383933204c2035303435373120333631303237204c2034393931333920333630353335204c2034393737383120333536373038204c2034393334393020333532393930204c2034393033393420333533323039204c2034383735313620333439343336204c2034383539393520333439303533204c2034383539393520333432393835204c2034383634323920333336383037204c2034393231333220333336373532204c2034393230323420333337393030204c2034393637383920333338393635204c2035313139353720333436383636204c2035313834323120333437333034204c2035323537353420333439373634207a, 485995, 572628, 336752, 405476, '3313', 'Karanganyar', '772.20'),
(0x4d2035323135373520333030393534204c2035323234373920333032333436204c2035323732393020333031373530204c2035333233353320323938353831204c2035333632323520323938343532204c2035343231343020323938343532204c2035343232323520323939383636204c2035343630353420323939333532204c2035343937393920323937303832204c2035353231383120323936343832204c2035353534353820323936363936204c2035353831333820323938343130204c2035363232323320323937353533204c2035363230353320333033303738204c2035363036393120333033313231204c2035363038313920333035363438204c2035353934353720333035363438204c2035353934353720333036393736204c2035363230393520333036393736204c2035363230393520333130353330204c2035363037373620333131313330204c2035363038313920333133303537204c2035353936323820333133363134204c2035353935303020333136333132204c2035353937313320333137383534204c2035363037333420333138313534204c2035363038313920333233393739204c2035363038303420333235353234204c2035353934313520333236383036204c2035353639343720333236393334204c2035353730373320333238333438204c2035353731313720333239343138204c2035353537363620333239333037204c2035353538323020333332383731204c2035353730313820333333313435204c2035353730373320333335353537204c2035353832343420333335363339204c2035353832373120333338303234204c2035353930383820333338313631204c2035353930383820333435303638204c2035363139323020333435363137204c2035363138393320333532373938204c2035353630343020333532373738204c2035353331353520333534333234204c2035353130323720333534333333204c2035343936323620333532363134204c2035343934393820333439343035204c2035343833383120333439343539204c2035343730393920333437323633204c2035343438313820333437323130204c2035333936393920333530343431204c2035333935353220333531383638204c2035343032393720333534393733204c2035333337303120333534383636204c2035323538383320333439383837204c2035313834393020333437333731204c2035313230303120333436393433204c2034393638393620333339303139204c2034393230303320333337383935204c2034393231303920333336383234204c2034383634313820333336383738204c2034383730353620333237303830204c2034383936363220333233353437204c2034393039393220333136323132204c2034393034363020333130303032204c2034393031343120323939363135204c2034393636383320323939363135204c2035303031343020323939393337204c2035303439323720333030353236204c2035323135373520333030393534207a, 486418, 562223, 296482, 354973, '3314', 'Sragen', '946.49'),
(0x4d2035303439303220323338303337204c2035303830363220323432323131204c2035313338383820323337323432204c2035313738333820323430333233204c2035323235373720323337333431204c2035333131363820323338333335204c2035343637363920323338353334204c2035343639363720323333333635204c2035353032323520323331353736204c2035353230303320323331383735204c2035353232393920323338363333204c2035353434373120323430383230204c2035353831323520323430383230204c2035353831323520323339383236204c2035363334353720323339353238204c2035363331363120323430353232204c2035363636313720323432343130204c2035363833393420323434393934204c2035373032373020323438303736204c2035373336323720323439363636204c2035373635393020323439353637204c2035373534303520323534343337204c2035373338323520323534383334204c2035373339323420323634323737204c2035373839363020323730383337204c2035383031343520323735313131204c2035383034343120323837373333204c2035373935353220323838353239204c2035373930353820323930373135204c2035373834363620323933323030204c2035373431323120333030343536204c2035373139343920323936383738204c2035373033363920323936393737204c2035363236363720323937343734204c2035353830323620323938343638204c2035353534353920323936363739204c2035353231303220323936343830204c2035343937333220323937313736204c2035343630373820323939333632204c2035343232323720323939383539204c2035343231323820323938343638204c2035333634303120323938343638204c2035333234383120323938353831204c2035323734313620333031373438204c2035323234373920333032333434204c2035323135393020333030393533204c2035303531303020333030353535204c2034393937323320323939393334204c2034393636333020323939363135204c2034393839373820323837363334204c2034393638303520323837343335204c2034383930303520323933363937204c2034383532343820323933393431204c2034383534363120323933313337204c2034383830313420323833373135204c2034393138363820323739343834204c2034383732303520323734333337204c2034383032363820323734343934204c2034373332383520323830323638204c2034363737393820323835323035204c2034373135333920323838383838204c2034363937393320323933343930204c2034363333303820323931343832204c2034353335383120323930363435204c2034353038333720323834353336204c2034343131313020323834353336204c2034333832383320323833353332204c2034333835333320323739373636204c2034343230323520323737313732204c2034343638343720323730363434204c2034343331383920323632343433204c2034353334393820323439323231204c2034353335333420323435353430204c2034353335383120323430383532204c2034353939383320323339363830204c2034363430353620323437303435204c2034373335333420323531363437204c2034383230393720323438353531204c2034383235393620323333393036204c2034383839393820323337303836204c2034383935383020323430313833204c2034393038323720323434373835204c2034393330373220323436333735204c2034393534343020323435313133204c2034393733313220323434313136204c2035303039373020323435303336204c2035303439303220323338303337207a, 438283, 580441, 231576, 302344, '3315', 'Grobogan', '1975.85'),
(0x4d2035383337393820323135343735204c2035383530383220323136333639204c2035393730333020323136333639204c2036303433333720323231393335204c2036313331323520323232333333204c2036313739363320323230333435204c2036333230383320323230313436204c2036333732313820323233373234204c2036343533313520323235353133204c2036343835373320323235373132204c2036353434393820323235323135204c2036343935363120323237393938204c2036343836373220323331343737204c2036343639393420323333343635204c2036353039343320323333383632204c2036353039343320323334383536204c2036353436393520323334373537204c2036353739353420323336303439204c2036353830353320323431343136204c2036353632373520323432303133204c2036353634373320323531393532204c2036353735353920323532363438204c2036353737353720323536383232204c2036353439393220323537353138204c2036353330313720323733313233204c2036343831373820323831363730204c2036343236343920323932303037204c2036333839393520323933373936204c2036333433353420323936373738204c2036323532373020323937373732204c2036323235303520323939333632204c2036323139313320333032383431204c2036323039323520333033353337204c2036323134313920333037363132204c2036323435373920333038313039204c2036323432383320333132393739204c2036323330393820333135373632204c2036323231313020333135353633204c2036323138313420333136393535204c2036323537363420333137303534204c2036323536363520333234303132204c2036323233303820333234353039204c2036323232303920333232393139204c2036313738363420333232393139204c2036313531303020333136353537204c2036303435333420333136363537204c2036303130373820333134393637204c2035393232393020333038343037204c2035383533393720333033323537204c2035373836363320333033303430204c2035373431323120333030323537204c2035373834363620323933303031204c2035373838393220323931323436204c2035373935353220323838353239204c2035383033343220323837383333204c2035383031343520323735303131204c2035373837363220323730363338204c2035373539393720323637313539204c2035373338323520323634323737204c2035373337323620323534393334204c2035373534303520323534333337204c2035373538303020323532313531204c2035373634393120323439353637204c2035373335323920323439363636204c2035373033363920323438313735204c2035363934383020323436383833204c2035363831393720323434353937204c2035363630323420323432313132204c2035363330363220323430363231204c2035363332353920323339363237204c2035353831323520323339393235204c2035353831323520323430393139204c2035353435373020323430393139204c2035353230303320323338333335204c2035353230303320323333313637204c2035353230303320323332303733204c2035353030323820323331363736204c2035363331363120323234363139204c2035373035363620323234373138204c2035373034363820323230363433204c2035373435313620323138353536204c2035373636383920323135353734204c2035383337393820323135343735207a, 550028, 658053, 215475, 324509, '3316', 'Blora', '1794.40'),
(0x4d2036323437323720313637343739204c2036323734343220313635313139204c2036323833303620313633363238204c2036333032383120313633373532204c2036333334393020313635333637204c2036333432333120313636373334204c2036343137363020313637343739204c2036343433353220313639323139204c2036343833303220313731373033204c2036353233373520313735383033204c2036353432323620313737353433204c2036353636393520313830313532204c2036363534343120313836373933204c2036373138363020313931373633204c2036373230303020313936383030204c2036363539333520313937313035204c2036363534343120323035303537204c2036363430383420323039363534204c2036353639323520323039343035204c2036353636373820323135383636204c2036353538313420323136323338204c2036353535363720323231353831204c2036353431303320323235343134204c2036343634333320323235383035204c2036333735313420323234313232204c2036333139393220323230323134204c2036313739323120323230343633204c2036313331303820323232333236204c2036303434363820323231393533204c2036303031343820323138393732204c2035393638313520323136333633204c2035383532313320323136333633204c2035383336303820323135363137204c2035383332333820323039363534204c2035383135313020323034363834204c2035383032373620313939373134204c2035373934313220313932363333204c2035373930343120313738393636204c2035383534373620313738353337204c2035383537323320313739373739204c2035393433363320313830303237204c2035393436313020313831313436204c2036303433363120313831323730204c2036303436303820313739393033204c2036313138393020313739373739204c2036313331323420313737353433204c2036313533343620313737353433204c2036313639353120313734393334204c2036313834333220313733383135204c2036323039303020313733363931204c2036323333363920313638393730204c2036323433353620313639303934204c2036323437323720313637343739207a, 579041, 672000, 163628, 225805, '3317', 'Rembang', '1041.10'),
(0x4d2035333833313020313235323934204c2035333833313020313333363138204c2035343032383520313338333339204c2035343334393420313437303336204c2035343533343520313534313138204c2035343931373120313632353636204c2035353532313920313638393033204c2035363135313420313732353035204c2035363835353020313735393834204c2035373931363520313738373138204c2035373935333520313932323630204c2035383035323220313939393633204c2035383136333320323034393332204c2035383334383520323130353233204c2035383336303820323135343933204c2035373636393620323135363137204c2035373434373420323138353939204c2035373035323520323230373131204c2035373036363520323234373138204c2035363331353920323234363533204c2035343639353020323333333834204c2035343638323620323338383530204c2035333039303420323338333533204c2035323233383720323337343834204c2035313738323120323430333431204c2035313339393420323337333539204c2035303738323320323432333239204c2035303439383420323338313035204c2035303130353320323435303336204c2034393732323920323434313136204c2034393331333520323436353533204c2034393037393020323434383134204c2034383935383020323430323636204c2034393230323420323337313131204c2034393238353620323332333732204c2034393633343420323331353230204c2034393930353920323237303437204c2035303436313420323236373939204c2035303437333720323138323236204c2035303836383720323138343735204c2035313736393720323136333633204c2035323333303620323132373633204c2035323438353620323038363630204c2035323531303320323035353534204c2035323232363420323031323035204c2035313830363720313933323534204c2035313834333820313930333936204c2035313338373120313838303336204c2035313633333920313833353633204c2035303931383120313733313237204c2035303934323720313635353438204c2035313037383520313635353438204c2035313135323620313532353033204c2035313237363020313531353039204c2035303630393520313337343639204c2035303830373020313337353934204c2035303933303420313339333333204c2035313331333020313431313937204c2035323039303620313337303937204c2035323339393220313333313231204c2035323339393220313237313537204c2035323630393020313235343138204c2035323839323920313233383033204c2035333833313020313235323934207a, 489580, 583608, 123803, 246553, '3318', 'Pati', '1491.20'),
(0x4d2035313633303220313833343335204c2035313338333420313838303132204c2035313833383120313930313034204c2035313832353120313933353034204c2035323138393420323030343630204c2035323531303320323035313831204c2035323438373620323038363732204c2035323334343720323132353935204c2035313733343120323136363438204c2035303835303820323138343739204c2035303437343120323138333438204c2035303437343120323236383437204c2034393931353520323237313039204c2034393631363720323331383136204c2034393239313920323332343730204c2034393232373020323336373835204c2034383935343220323430353737204c2034383839313520323337303032204c2034383235313320323333383232204c2034393038343120323139323633204c2034383639343420323037373536204c2034383433343620323036333138204c2034373937393920323033373033204c2034383039363820323032373838204c2034383039363820313939353139204c2034383532353520313936313139204c2034393433343820313932383530204c2034393438363820313835393230204c2034393630333720313833353636204c2034393533383820313739393035204c2034393932383520313734393336204c2035303138393820313636303435204c2035303934313720313635363532204c2035303931353720313733313035204c2035313633303220313833343335207a, 479799, 525103, 165652, 240577, '3319', 'Kudus', '425.17'),
(0x4d2034363733323820313336383835204c2034373039363620313330303836204c2034373732303120313239393535204c2034383334333620313236353535204c2034393131303120313236303332204c2034393338323920313232353032204c2034393835303520313231333235204c2035303132333320313233353438204c2035303433353120313233303235204c2035313031393720313231343535204c2035313935353020313232353032204c2035313935353020313233393430204c2035323932393320313233383039204c2035323537383520313235353039204c2035323339363620313237333430204c2035323339363620313333333535204c2035323035383920313337353339204c2035313331383420313431323030204c2035303934313720313339353030204c2035303739383820313337363730204c2035303630343020313337353339204c2035313237393520313531333939204c2035313134393620313532353736204c2035313037383520313635363732204c2035303138383320313636313735204c2034393935343420313734393336204c2034393536343720313739363433204c2034393630333720313833363937204c2034393439393820313836303530204c2034393434373820313932393831204c2034383439393520313936323530204c2034383130393820313939353139204c2034383039363820323033313830204c2034373936363920323033383334204c2034373133353520323033393634204c2034363233393220313935393838204c2034363132323320313838353335204c2034353430373820313837383831204c2034343533373420313836333132204c2034353531313720313735383531204c2034353334323920313733343938204c2034353335353820313637373434204c2034353532343720313636303434204c2034353438353720313631373239204c2034353537363720313532373037204c2034363033363120313532303630204c2034363133353320313435323534204c2034353937393420313435363436204c2034353939323420313431323030204c2034363239313220313430393339204c2034363438363020313337363730204c2034363733323820313336383835207a, 445374, 529293, 121325, 203964, '3320', 'Jepara', '1004.16'),
(0x4d2034363233393220313935393838204c2034373132323520323033383334204c2034373531323220323033373033204c2034383030353920323033373033204c2034383730373420323037383837204c2034393039373120323139303032204c2034383235393620323333363535204c2034383233393720323431363233204c2034383232363720323438353533204c2034373338323320323531383232204c2034363431333920323437313238204c2034363030363620323339393331204c2034353335353820323430383339204c2034353336383820323439303736204c2034343332393620323632353435204c2034343639333020323730363434204c2034343437363820323733343839204c2034343039343420323733343036204c2034333636323120323731333937204c2034323933383820323731333937204c2034323837323220323634333638204c2034323634373820323633363135204c2034323539373920323537313731204c2034323630363220323535363634204c2034313735383220323536323530204c2034323232333820323438373138204c2034323538393620323437363331204c2034323538383920323336353234204c2034323439383020323331313632204c2034313832323520323331323933204c2034333035363520323134363837204c2034333030343620323038363732204c2034333937383920323033333131204c2034333939313820313934313538204c2034333537363220313934353530204c2034333435393220313930373538204c2034333335353320313837303937204c2034333533373220313834383734204c2034353332393920313837333538204c2034353631353720313838303132204c2034363132323320313838353335204c2034363233393220313935393838207a, 417582, 490971, 184874, 273489, '3321', 'Demak', '897.43'),
(0x4d2034303734333920323537373537204c2034313530383820323536393230204c2034313737343820323536303833204c2034323630363220323535363634204c2034323634373820323633363135204c2034323838303620323634333638204c2034323933383820323731333134204c2034333636323120323731333134204c2034343039343420323733343036204c2034343436383520323733343839204c2034343231303820323737303838204c2034333836313620323739373636204c2034333832383320323833353332204c2034343131313020323834343532204c2034353037353420323834343532204c2034353337343720323930383936204c2034353539303920323936313638204c2034353538323620333030353230204c2034353034323220333035303339204c2034353034323220333130373330204c2034353632313620333132373931204c2034353634393120333231383630204c2034353434313220333232303237204c2034353631353820333239323234204c2034353538373520333337363835204c2034353839303220333339303135204c2034363239373620333435313235204c2034363139373820333438333035204c2034353336363420333435373130204c2034343635393720333432323739204c2034343832363020333339303135204c2034343431303320333334353830204c2034343134343320333337343235204c2034323731343320333330323238204c2034323334303820333330323231204c2034313734333320333336363435204c2034313439323120333336363435204c2034313039333120333238303533204c2034313130313420333231373736204c2034303531393420333134343936204c2033393531333420333132333230204c2033393238393020333038393732204c2033393536333320333035353431204c2033383337343420323937303839204c2033383234313420323930393830204c2033373836373320323834363230204c2033383230383220323835353430204c2033383933393820323835393539204c2034303032303620323831363037204c2033393734363220323734393936204c2033393834363020323633383636204c2033393836323620323535373438204c2034303734333920323537373537207a, 378673, 462976, 255664, 348305, '3322', 'Semarang', '946.86'),
(0x4d2033343039383420323638313637204c2033343739303920323635323937204c2033363336363120323634343039204c2033363430363820323637363231204c2033363132313620323639353334204c2033353531303620323732363039204c2033363537363520323737383732204c2033363539303120323830393437204c2033373433383820323833343736204c2033373836363520323834353639204c2033383236303320323931333335204c2033383338323520323937303736204c2033393537303720333035343133204c2033393239393120333038393637204c2033393532393920333132333136204c2034303532383020333134353033204c2034313131313920333231383834204c2033393935303920333231393532204c2033393836323620333231363130204c2033393433343920333231343733204c2033383131373720333234343830204c2033383131373720333232373034204c2033373930303520333232343330204c2033373730333620333233333837204c2033373339383120333236353939204c2033373133333320333236343632204c2033373035313820333235323332204c2033363430303020333235323332204c2033363232333520333236333934204c2033353931313220333236333934204c2033353830323520333234383931204c2033343330383920333234393539204c2033343037313220333236353939204c2033333631363320333138363731204c2033323939313720333133333431204c2033323434313820333035353530204c2033323432383220323938343432204c2033313838353020323932313535204c2033313633333820323931333335204c2033313532353220323836343134204c2033323631313520323830383130204c2033333033323520323735333433204c2033333132303720323734373936204c2033343039383420323638313637207a, 315252, 411119, 264409, 326599, '3323', 'Temanggung', '870.23'),
(0x4d2033363237353520323131343138204c2033373135383920323135323130204c2033373738323420323234383836204c2033383330323020323236313934204c2033393330323320323331303332204c2033393236333320323436323030204c2033383936343620323438393436204c2033393838363920323535373435204c2033393835363120323635303431204c2033393734343020323735303937204c2034303032393820323831353035204c2033383933383620323836303831204c2033383139383120323835353538204c2033373331343820323833323035204c2033363538373320323830393832204c2033363537343320323737383433204c2033353439363120323732363133204c2033363130363720323639363036204c2033363339323520323637363434204c2033363336363520323634353036204c2033343739343620323635323931204c2033343038303220323638323938204c2033333032373920323735343930204c2033323539373920323831303135204c2033313532353220323836343833204c2033313236313220323834323531204c2033303739313920323835393336204c2033323130353620323630393735204c2033323138393820323530323333204c2033333532313620323432323737204c2033333434333620323333373738204c2033333732393420323236383437204c2033333735353420323232343032204c2033343835393620323232323731204c2033343839383620323230383332204c2033363237353520323131343138207a, 307919, 400298, 211418, 286483, '3324', 'Kendal', '1011.90'),
(0x4d2032383635333120323232363237204c2032393130373820323235323432204c2032393731383320323236323839204c2032393936353120323237333335204c2033313537363020323237333335204c2033323232353520323238373733204c2033323235313520323237353936204c2033323535303220323237333335204c2033333235313720323233363733204c2033333735383320323233353433204c2033333733323420323237303733204c2033333434363620323333383733204c2033333533343620323432343038204c2033323139393520323530373430204c2033323131383620323630383435204c2033303739363520323835393135204c2033303030343420323832373932204c2032393635313320323832393937204c2032393438313620323833303636204c2032393134363820323832333834204c2032393036303620323734393333204c2032383631343120323635353136204c2032383135393520323634383632204c2032383236333420323538393738204c2032373733303820323530373430204c2032373332383120323533303934204c2032373038313320323439393536204c2032363935313420323432373634204c2032363734333520323337323732204c2032363530393720323330343733204c2032363435373720323139333538204c2032363630303620323135303433204c2032383635333120323232363237207a, 264577, 337583, 215043, 285915, '3325', 'Batang', '788.95');
INSERT INTO `kabupaten` (`Geometry`, `XMin`, `XMax`, `YMin`, `YMax`, `kode_kab`, `nama_kab`, `Luas`) VALUES
(0x4d2032343130363520323130393930204c2032343932343920323130383539204c2032353034313820323136363132204c2032353030323820323236343139204c2032353331343620323333323139204c2032363031363120323331363530204c2032363533353720323330343733204c2032363734333520323337343033204c2032363939303320323433353439204c2032373036383320323439343333204c2032373332383120323532393633204c2032373734333820323530363130204c2032383238393420323539323430204c2032383135393520323634373332204c2032383632373120323635353136204c2032393036303620323734383635204c2032393134363820323832313233204c2032383438343220323832313233204c2032373837333720323832313233204c2032373138363720323837383530204c2032363433313820323836363939204c2032353939383620323832333134204c2032353233363620323834303834204c2032343435373220323838313338204c2032333735313320323931343033204c2032333139373120323934313533204c2032323838323220323932363333204c2032323835393420323835353232204c2032323631323620323831343639204c2032323434333720323737313534204c2032323339313720323732303534204c2032323232323920323631383535204c2032323134343920323434333333204c2032323333393820323432353033204c2032323336383620323337353131204c2032333632353820323238373733204c2032333639303820323139303937204c2032333837323620323138373035204c2032343130363520323130393930207a, 221449, 291468, 210859, 294153, '3326', 'Pekalongan', '836.13'),
(0x4d2031393831393620323135313734204c2031393934393520323133343734204c2032303532313120323132383230204c2032313032373720323130383539204c2032313830373220323035323336204c2032323134343920323031313833204c2032323739343420323030353239204c2032333436393920323037383532204c2032343131393520323130393930204c2032333837323620323138373035204c2032333639303820323139323238204c2032333632353820323238373733204c2032323339313720323337343033204c2032323335323820323432363333204c2032323134343920323434333333204c2032323232323920323630383039204c2032323337383720323730343835204c2032323435363720323736363331204c2032323539393620323831303737204c2032323835393420323835353232204c2032323838353420323932373134204c2032323431373720323933313036204c2032323035343020323932303630204c2032313633383320323836383330204c2032313635313320323831303737204c2032313338313820323830323634204c2032313137313320323834323237204c2032303635313020323835353232204c2032303130353420323835333932204c2031383839303120323838393433204c2031373833323120323931323736204c2031363639373120323935353034204c2031363333383220323839393638204c2031363231353620323834333336204c2031363232313320323734383030204c2031363533343720323732353034204c2031363635393520323637323338204c2031373332313520323539353439204c2031373636333220323538373137204c2031373839373120323535353739204c2031373937353020323532333130204c2031383238363820323434393837204c2031383732383420323433343138204c2031393035333220323338303537204c2031393030313220323334313334204c2031393032373220323239313635204c2031393831393620323135313734207a, 162156, 241195, 200529, 295504, '3327', 'Pemalang', '1011.90'),
(0x4d2031353237313320323134333833204c2031353732373720323136323230204c2031353939313220323137313539204c2031363839363820323137303035204c2031363933353820323138393636204c2031383034303020323138353734204c2031383938383320323136303839204c2031393835383620323134393132204c2031393034303220323239303334204c2031393030313220323334323635204c2031393035333220323338303537204c2031383731353520323433363830204c2031383331323820323434383536204c2031383030313020323531363536204c2031373839373120323535353739204c2031373636333220323538373137204c2031373333383520323539353031204c2031363637363520323637303637204c2031363534303020323732353034204c2031363232363220323734373533204c2031363233343320323834363037204c2031363333303420323839383331204c2031363731303620323935353034204c2031363533333120323936333735204c2031363131373420323938373239204c2031353939383120323933393734204c2031353331393120323935303835204c2031343835323420323932353232204c2031333632333220323834333436204c2031333937343020323735343534204c2031333830353120323732333136204c2031333431373920323731383631204c2031333135353620323738383534204c2031323730353220323734363638204c2031323131313120323734353832204c2031313335393620323733333631204c2031313636313320323638383539204c2031313739313620323633393437204c2031313439323820323537353430204c2031323634363720323535303531204c2031323731333920323531313333204c2031323735323920323434373236204c2031333530383420323431313835204c2031333735333020323335383331204c2031333538343220323330373334204c2031333536303320323237373738204c2031343234383320323237323833204c2031343738393220323237313633204c2031343933383620323234333631204c2031353130383320323232313734204c2031353233343020323137363538204c2031353237313320323134333833207a, 113596, 198586, 214383, 298729, '3328', 'Tegal', '879.70'),
(0x4d2031343431353820323132313237204c2031343135373820323135353435204c2031343030383520323138313432204c2031333630373920323139303330204c2031333630343120323231373938204c2031333536303320323237373738204c2031333538383120323330373435204c2031333735383320323335393931204c2031333530383420323431313331204c2031333133373320323433303436204c2031323736353820323434383536204c2031323731333920323531353235204c2031323634363720323535313034204c2031313533333820323537353532204c2031313739373720323633383836204c2031313635353620323638393934204c2031313337323820323733333836204c2031323131313120323734343937204c2031323730353220323734363638204c2031333135353020323738373638204c2031333431323620323731383038204c2031333830373120323732323633204c2031333938363220323735333533204c2031333634393220323834333436204c2031343830323820323932313535204c2031353332373620323935303835204c2031353939383120323933383839204c2031363132313020323938363139204c2031343732303520333030383636204c2031333736363520333132333038204c2031333530363020333136383935204c2031333133373320333137303037204c2031323538393320333135353737204c2031313531333520333135353737204c2031313032363320333131383939204c2031303538333620333038343831204c2031303330383220333034313135204c20393635383520333031303634204c20393436363320323934393537204c20383532393820323933393230204c20383433353520323839343737204c20383034393920323838393431204c20373335323520323836373639204c20363638323720323834373236204c20363138313720323831373831204c20363036343820323735303031204c20363035383020323733333631204c20363135393920323731393934204c20363234313320323732323638204c20363433313420323639393434204c20363730333020323637313432204c20373433363320323637313432204c20373434333120323630393233204c20373535313720323630373836204c20373536353320323533343734204c20373730313120323532323434204c20373831363520323531393032204c20373831363520323439363437204c20373933313920323439313638204c20373933313920323435353436204c20373330303520323435363135204c20373331343120323433363333204c20373136343720323433303836204c20373137383320323337303034204c20373234363220323336323532204c20373235393820323334323730204c20363932303320323334333338204c20363936363820323330313735204c20373130383920323236343937204c20373335323520323233323238204c20373739393020323139333436204c20383130333520323136323831204c20383138393920323133363331204c20383331323120323133323231204c20383238353020323039363637204c20383436313520323039323537204c20383436313520323030303331204c20383537303120313939333438204c20383534333020313930393432204c20383636353220313931303738204c20383738303620313931303738204c20383930323820313932353832204c20393033383620313934393734204c20393135343020313937343334204c20393237363220313939383236204c20393330333420323032313530204c20393432353620323032343931204c20393539353320323035303230204c20393836393420323035383632204c2031303030323720323037373534204c2031303131383120323038363432204c2031303339373120323038333133204c2031303631333720323039383732204c2031303638313620323130383937204c2031303833373820323131303334204c2031313136383420323131373837204c2031313239393520323038383437204c2031313238353920323034363738204c2031313737373420323034363336204c2031313932343120323032323836204c2031323138323120313939363839204c2031323738363420313939383236204c2031323736363020313938383639204c2031323838383220313938353936204c2031333033373620313938383639204c2031333130353520313939333438204c2031333636353020313939393336204c2031333635353420323038333639204c2031333838363220323038353035204c2031343032383820323130323134204c2031343233323520323131313731204c2031343431353820323132313237207a, 60580, 161210, 190942, 317007, '3329', 'Brebes', '1657.73'),
(0x4d2033363830353220333434353331204c2033373231323620333434353331204c2033373231323620333531353032204c2033363934373820333531353730204c2033363738343820333438373639204c2033363830353220333434353331207a, 367848, 372126, 344531, 351570, '3371', 'Kota Magelang', '18.12'),
(0x4d2034383539393520333438393939204c2034383733383820333439323535204c2034393034323920333533313932204c2034393333363220333532383634204c2034393738373120333536383030204c2034393936363320333631393339204c2034393936303920333634363733204c2034393431373720333639323635204c2034393232323220333638303038204c2034393232373620333634313831204c2034383833313120333634313831204c2034383635393220333635323337204c2034383334373720333633393038204c2034383334373720333630353138204c2034383539323120333539343234204c2034383539343320333535323639204c2034383539393520333438393939207a, 483477, 499663, 348999, 369265, '3372', 'Kota Surakarta', '44.03'),
(0x4d2034313738333120333035363235204c2034323435363620333035323036204c2034323934373120333133393933204c2034323535363320333232313131204c2034313539313920333132343837204c2034313738333120333035363235207a, 415919, 429471, 305206, 322111, '3373', 'Kota Salatiga', '52.96'),
(0x4d2033393330323320323331303332204c2034303233373620323334313730204c2034303634303320323334383234204c2034313231313920323331313632204c2034323531303920323331313632204c2034323631343920323338373436204c2034323538383920323437373639204c2034323233383120323438363834204c2034313737303520323536313337204c2034313434353720323537303533204c2034303733353620323537383430204c2033393837333920323535373435204c2033383933383620323439303736204c2033393232343420323436343631204c2033393330323320323331303332207a, 389386, 426149, 231032, 257840, '3374', 'Kota Semarang', '373.67'),
(0x4d2032343933373920323131393035204c2032353339323520323132343238204c2032353639313320323134393132204c2032363632363620323134393132204c2032363435373720323139323238204c2032363532323720323330373334204c2032363032393120323331363530204c2032353331343620323333323139204c2032353030323820323237353936204c2032353030323820323231353831204c2032353034313820323136373433204c2032343933373920323131393035207a, 249379, 266266, 211905, 233219, '3375', 'Kota Pekalongan', '44.96'),
(0x4d2031343137313420323135333430204c2031343431363020323131393931204c2031343633393320323133383330204c2031353236383520323134323338204c2031353230373620323230373736204c2031343932333520323234363538204c2031343738313420323237353138204c2031343135313020323237353034204c2031333536303320323237373738204c2031333538373520323232353834204c2031333630373920323139303330204c2031343031303120323138313230204c2031343137313420323135333430207a, 135603, 152685, 211991, 227778, '3376', 'Kota Tegal', '34.49');

-- --------------------------------------------------------

--
-- Struktur dari tabel `kategori`
--

CREATE TABLE IF NOT EXISTS `kategori` (
  `id_kat` int(11) NOT NULL,
  `nama_kat` varchar(25) NOT NULL
) ENGINE=MyISAM DEFAULT CHARSET=latin1;

--
-- Dumping data untuk tabel `kategori`
--

INSERT INTO `kategori` (`id_kat`, `nama_kat`) VALUES
(1, 'Kepadatan Penduduk'),
(2, 'IMR'),
(3, 'TFR'),
(4, 'Pelayanan \r\nKontrasepi'),
(5, 'Metode Kontrasepsi');

-- --------------------------------------------------------

--
-- Struktur dari tabel `ket_kb`
--

CREATE TABLE IF NOT EXISTS `ket_kb` (
  `id_ket` int(11) NOT NULL AUTO_INCREMENT,
  `ket_kb` varchar(25) NOT NULL,
  `keterangan` varchar(30) NOT NULL,
  PRIMARY KEY (`id_ket`)
) ENGINE=MyISAM  DEFAULT CHARSET=latin1 AUTO_INCREMENT=11 ;

--
-- Dumping data untuk tabel `ket_kb`
--

INSERT INTO `ket_kb` (`id_ket`, `ket_kb`, `keterangan`) VALUES
(1, 'Pil', ''),
(2, 'Suntik', ''),
(3, 'Kondom', ''),
(4, 'IUD', ''),
(5, 'Implan', ''),
(6, 'MOW / Tubektomi', ''),
(7, 'MOP / Vasektomi', '');

-- --------------------------------------------------------

--
-- Struktur dari tabel `komentar`
--

CREATE TABLE IF NOT EXISTS `komentar` (
  `id_komentar` int(11) NOT NULL AUTO_INCREMENT,
  `id_berita` int(11) NOT NULL,
  `id_induk` int(11) DEFAULT NULL,
  `nama` varchar(50) NOT NULL,
  `email` varchar(50) NOT NULL,
  `komentar` text NOT NULL,
  `tanggal` timestamp NOT NULL DEFAULT CURRENT_TIMESTAMP ON UPDATE CURRENT_TIMESTAMP,
  `status` int(11) NOT NULL,
  PRIMARY KEY (`id_komentar`)
) ENGINE=InnoDB  DEFAULT CHARSET=latin1 AUTO_INCREMENT=10 ;

--
-- Dumping data untuk tabel `komentar`
--

INSERT INTO `komentar` (`id_komentar`, `id_berita`, `id_induk`, `nama`, `email`, `komentar`, `tanggal`, `status`) VALUES
(9, 14, 0, 'Anggi Meidamara', 'meidamara@gmail.com', 'tes', '2014-07-18 09:31:11', 1);

-- --------------------------------------------------------

--
-- Struktur dari tabel `layers`
--

CREATE TABLE IF NOT EXISTS `layers` (
  `LayerID` int(11) NOT NULL,
  `Shape` char(10) DEFAULT NULL,
  `Name` char(50) DEFAULT NULL,
  `FillColor` char(17) DEFAULT NULL,
  `StrokeColor` char(17) DEFAULT NULL,
  `StrokeWidth` double DEFAULT NULL,
  `MinScale` int(11) DEFAULT NULL,
  `MaxScale` int(11) DEFAULT NULL,
  `HasAttributes` tinyint(4) DEFAULT NULL,
  `NameField` char(50) DEFAULT NULL,
  `LabelColor` char(15) DEFAULT NULL,
  `LabelSize` int(11) DEFAULT NULL,
  `IDType` char(10) DEFAULT NULL,
  `IDField` char(50) DEFAULT NULL,
  `URL` char(70) DEFAULT NULL,
  `UseLabels` tinyint(4) DEFAULT NULL,
  `IsExternal` tinyint(4) DEFAULT NULL,
  `LegendType` char(50) DEFAULT NULL,
  `ClassificationField` char(50) DEFAULT NULL,
  PRIMARY KEY (`LayerID`)
) ENGINE=InnoDB DEFAULT CHARSET=latin1;

--
-- Dumping data untuk tabel `layers`
--

INSERT INTO `layers` (`LayerID`, `Shape`, `Name`, `FillColor`, `StrokeColor`, `StrokeWidth`, `MinScale`, `MaxScale`, `HasAttributes`, `NameField`, `LabelColor`, `LabelSize`, `IDType`, `IDField`, `URL`, `UseLabels`, `IsExternal`, `LegendType`, `ClassificationField`) VALUES
(0, 'polygon', 'Kabupaten', 'rgb(184,10,37)', 'rgb(0,0,0)', 0.1, 0, 0, 1, 'Id', 'red', 10, 'local', '', '', 1, 0, 'unique value', 'Id');

-- --------------------------------------------------------

--
-- Struktur dari tabel `log`
--

CREATE TABLE IF NOT EXISTS `log` (
  `SessionID` int(11) NOT NULL,
  `LayerID` int(11) NOT NULL,
  `FeatureID` int(11) NOT NULL,
  PRIMARY KEY (`SessionID`,`LayerID`,`FeatureID`)
) ENGINE=InnoDB DEFAULT CHARSET=latin1;

-- --------------------------------------------------------

--
-- Struktur dari tabel `pegawai`
--

CREATE TABLE IF NOT EXISTS `pegawai` (
  `id_pegawai` varchar(20) NOT NULL,
  `nama_pegawai` varchar(50) NOT NULL,
  `gender` int(10) NOT NULL,
  `tanggal_lahir` date NOT NULL,
  `jabatan` varchar(25) NOT NULL,
  `foto` varchar(100) NOT NULL,
  `id_user` varchar(20) NOT NULL,
  `tanggal` timestamp NOT NULL DEFAULT CURRENT_TIMESTAMP ON UPDATE CURRENT_TIMESTAMP,
  `tempat_lahir` varchar(15) NOT NULL,
  PRIMARY KEY (`id_pegawai`)
) ENGINE=MyISAM DEFAULT CHARSET=latin1;

--
-- Dumping data untuk tabel `pegawai`
--

INSERT INTO `pegawai` (`id_pegawai`, `nama_pegawai`, `gender`, `tanggal_lahir`, `jabatan`, `foto`, `id_user`, `tanggal`, `tempat_lahir`) VALUES
('19590611986031007', 'Drs. Sambito Coba', 1, '1960-05-13', 'Kabid Kependudukan', 'images1.jpg', '1', '2016-02-17 08:39:52', 'Semarang'),
('24010310130082', 'Siti Rahayu S.T', 2, '1985-10-12', 'Kabid Keluarga Berencana', 'index1.jpg', '1', '2014-07-23 03:19:43', 'Salatiga'),
('24010310130062', 'Anggi Ayu M, S.Kom', 2, '1992-05-16', 'Kasubbid Perencanaan Prog', 'Screenshot_2.png', '1', '2014-07-23 03:20:24', 'Semarang');

-- --------------------------------------------------------

--
-- Struktur dari tabel `pengguna_jns_kb`
--

CREATE TABLE IF NOT EXISTS `pengguna_jns_kb` (
  `id_pengguna` int(11) NOT NULL AUTO_INCREMENT,
  `id_kab` varchar(4) NOT NULL,
  `id_ket` int(11) NOT NULL,
  `tahun` varchar(4) NOT NULL,
  `jumlah` double NOT NULL,
  PRIMARY KEY (`id_pengguna`)
) ENGINE=MyISAM  DEFAULT CHARSET=latin1 AUTO_INCREMENT=1018 ;

--
-- Dumping data untuk tabel `pengguna_jns_kb`
--

INSERT INTO `pengguna_jns_kb` (`id_pengguna`, `id_kab`, `id_ket`, `tahun`, `jumlah`) VALUES
(702, '3301', 6, '2012', 104),
(703, '3302', 6, '2012', 130),
(704, '3303', 6, '2012', 113),
(705, '3304', 6, '2012', 97),
(706, '3305', 6, '2012', 74),
(707, '3306', 6, '2012', 121),
(708, '3307', 6, '2012', 127),
(709, '3308', 6, '2012', 74),
(710, '3309', 6, '2012', 86),
(711, '3310', 6, '2012', 107),
(712, '3311', 6, '2012', 112),
(713, '3312', 6, '2012', 95),
(714, '3313', 6, '2012', 140),
(715, '3314', 6, '2012', 132),
(716, '3315', 6, '2012', 93),
(717, '3316', 6, '2012', 86),
(718, '3317', 6, '2012', 281),
(719, '3318', 6, '2012', 133),
(720, '3319', 6, '2012', 124),
(721, '3320', 6, '2012', 116),
(722, '3321', 6, '2012', 147),
(723, '3322', 6, '2012', 113),
(724, '3323', 6, '2012', 152),
(725, '3324', 6, '2012', 96),
(726, '3325', 6, '2012', 115),
(727, '3326', 6, '2012', 166),
(728, '3327', 6, '2012', 148),
(729, '3328', 6, '2012', 87),
(730, '3329', 6, '2012', 100),
(731, '3371', 6, '2012', 171),
(732, '3372', 6, '2012', 112),
(733, '3373', 6, '2012', 116),
(734, '3374', 6, '2012', 108),
(735, '3375', 6, '2012', 124),
(736, '3376', 6, '2012', 119),
(737, '3301', 6, '2010', 169.84),
(738, '3302', 6, '2010', 45.27),
(739, '3303', 6, '2010', 159.3),
(740, '3304', 6, '2010', 86.5),
(741, '3305', 6, '2010', 130.74),
(742, '3306', 6, '2010', 117.63),
(743, '3307', 6, '2010', 110.46),
(744, '3308', 6, '2010', 141.78),
(745, '3309', 6, '2010', 184.74),
(746, '3310', 6, '2010', 206.61),
(747, '3311', 6, '2010', 182.49),
(748, '3312', 6, '2010', 96.73),
(749, '3313', 6, '2010', 121.13),
(750, '3314', 6, '2010', 162.81),
(751, '3315', 6, '2010', 116.01),
(752, '3316', 6, '2010', 123.2),
(753, '3317', 6, '2010', 38.36),
(754, '3318', 6, '2010', 79.65),
(755, '3319', 6, '2010', 200.43),
(756, '3320', 6, '2010', 64.5),
(757, '3321', 6, '2010', 126.01),
(758, '3322', 6, '2010', 74.27),
(759, '3323', 6, '2010', 88.4),
(760, '3324', 6, '2010', 106.21),
(761, '3325', 6, '2010', 136),
(762, '3326', 6, '2010', 111.51),
(763, '3327', 6, '2010', 176.56),
(764, '3328', 6, '2010', 170.46),
(765, '3329', 6, '2010', 76.8),
(766, '3371', 6, '2010', 273.08),
(767, '3372', 6, '2010', 103.66),
(768, '3373', 6, '2010', 166.27),
(769, '3374', 6, '2010', 110.82),
(770, '3375', 6, '2010', 215.93),
(771, '3376', 6, '2010', 155.03),
(772, '3301', 6, '2011', 117.73),
(773, '3302', 6, '2011', 223.97),
(774, '3303', 6, '2011', 99.72),
(775, '3304', 6, '2011', 143.87),
(776, '3305', 6, '2011', 155.12),
(777, '3306', 6, '2011', 84.51),
(778, '3307', 6, '2011', 148.78),
(779, '3308', 6, '2011', 111.92),
(780, '3309', 6, '2011', 128.52),
(781, '3310', 6, '2011', 79.74),
(782, '3311', 6, '2011', 142.05),
(783, '3312', 6, '2011', 113.31),
(784, '3313', 6, '2011', 115.54),
(785, '3314', 6, '2011', 124.29),
(786, '3315', 6, '2011', 75.08),
(787, '3316', 6, '2011', 91.07),
(788, '3317', 6, '2011', 330.77),
(789, '3318', 6, '2011', 109.04),
(790, '3319', 6, '2011', 79.69),
(791, '3320', 6, '2011', 119.18),
(792, '3321', 6, '2011', 96.88),
(793, '3322', 6, '2011', 115.09),
(794, '3323', 6, '2011', 120.43),
(795, '3324', 6, '2011', 226.47),
(796, '3325', 6, '2011', 122.32),
(797, '3326', 6, '2011', 104),
(798, '3327', 6, '2011', 163.99),
(799, '3328', 6, '2011', 131.78),
(800, '3329', 6, '2011', 230.5),
(801, '3371', 6, '2011', 237.07),
(802, '3372', 6, '2011', 106.82),
(803, '3373', 6, '2011', 101.22),
(804, '3374', 6, '2011', 111.33),
(805, '3375', 6, '2011', 264),
(806, '3376', 6, '2011', 80.35),
(807, '3301', 4, '2010', 134.39),
(808, '3302', 4, '2010', 75.46),
(809, '3303', 4, '2010', 45.46),
(810, '3304', 4, '2010', 114.17),
(811, '3305', 4, '2010', 161.48),
(812, '3306', 4, '2010', 79.11),
(813, '3307', 4, '2010', 77.56),
(814, '3308', 4, '2010', 96.79),
(815, '3309', 4, '2010', 62),
(816, '3310', 4, '2010', 83.01),
(817, '3311', 4, '2010', 60.5),
(818, '3312', 4, '2010', 173.31),
(819, '3313', 4, '2010', 96.08),
(820, '3314', 4, '2010', 176.33),
(821, '3315', 4, '2010', 48.54),
(822, '3316', 4, '2010', 159.68),
(823, '3317', 4, '2010', 176.03),
(824, '3318', 4, '2010', 104.72),
(825, '3319', 4, '2010', 87.66),
(826, '3320', 4, '2010', 95.95),
(827, '3321', 4, '2010', 110.9),
(828, '3322', 4, '2010', 66.9),
(829, '3323', 4, '2010', 102.45),
(830, '3324', 4, '2010', 102.88),
(831, '3325', 4, '2010', 107.98),
(832, '3326', 4, '2010', 61.96),
(833, '3327', 4, '2010', 158.38),
(834, '3328', 4, '2010', 84.19),
(835, '3329', 4, '2010', 140.62),
(836, '3371', 4, '2010', 125.35),
(837, '3372', 4, '2010', 39.89),
(838, '3373', 4, '2010', 70.81),
(839, '3374', 4, '2010', 63.66),
(840, '3375', 4, '2010', 64.38),
(841, '3376', 4, '2010', 59.69),
(842, '3301', 5, '2010', 131.09),
(843, '3302', 5, '2010', 198.3),
(844, '3303', 5, '2010', 143.34),
(845, '3304', 5, '2010', 91.48),
(846, '3305', 5, '2010', 104.77),
(847, '3306', 5, '2010', 97.04),
(848, '3307', 5, '2010', 75.21),
(849, '3308', 5, '2010', 108.87),
(850, '3309', 5, '2010', 162.37),
(851, '3310', 5, '2010', 160.95),
(852, '3311', 5, '2010', 147.24),
(853, '3312', 5, '2010', 115.75),
(854, '3313', 5, '2010', 101.64),
(855, '3314', 5, '2010', 104.41),
(856, '3315', 5, '2010', 113.47),
(857, '3316', 5, '2010', 115.75),
(858, '3317', 5, '2010', 99.42),
(859, '3318', 5, '2010', 100),
(860, '3319', 5, '2010', 101.99),
(861, '3320', 5, '2010', 105.23),
(862, '3321', 5, '2010', 184.2),
(863, '3322', 5, '2010', 114.71),
(864, '3323', 5, '2010', 140.82),
(865, '3324', 5, '2010', 113.47),
(866, '3325', 5, '2010', 89.75),
(867, '3326', 5, '2010', 134.64),
(868, '3327', 5, '2010', 111.03),
(869, '3328', 5, '2010', 175.61),
(870, '3329', 5, '2010', 157.42),
(871, '3371', 5, '2010', 391.9),
(872, '3372', 5, '2010', 99.53),
(873, '3373', 5, '2010', 126.69),
(874, '3374', 5, '2010', 144.14),
(875, '3375', 5, '2010', 173.85),
(876, '3376', 5, '2010', 75.33),
(877, '3301', 2, '2010', 138.92),
(878, '3302', 2, '2010', 124.98),
(879, '3303', 2, '2010', 126.19),
(880, '3304', 2, '2010', 192.4),
(881, '3305', 2, '2010', 94.5),
(882, '3306', 2, '2010', 116.38),
(883, '3307', 2, '2010', 197.28),
(884, '3308', 2, '2010', 76.45),
(885, '3309', 2, '2010', 107.02),
(886, '3310', 2, '2010', 67.01),
(887, '3311', 2, '2010', 129.57),
(888, '3312', 2, '2010', 137.19),
(889, '3313', 2, '2010', 120.13),
(890, '3314', 2, '2010', 183.64),
(891, '3315', 2, '2010', 101.75),
(892, '3316', 2, '2010', 177.95),
(893, '3317', 2, '2010', 155.8),
(894, '3318', 2, '2010', 103.06),
(895, '3319', 2, '2010', 128.15),
(896, '3320', 2, '2010', 120.71),
(897, '3321', 2, '2010', 120.82),
(898, '3322', 2, '2010', 141.14),
(899, '3323', 2, '2010', 102.16),
(900, '3324', 2, '2010', 77.76),
(901, '3325', 2, '2010', 120.27),
(902, '3326', 2, '2010', 110.2),
(903, '3327', 2, '2010', 92.08),
(904, '3328', 2, '2010', 82.14),
(905, '3329', 2, '2010', 121.74),
(906, '3371', 2, '2010', 210.52),
(907, '3372', 2, '2010', 264.03),
(908, '3373', 2, '2010', 141.31),
(909, '3374', 2, '2010', 117.02),
(910, '3375', 2, '2010', 173.8),
(911, '3376', 2, '2010', 109.74),
(912, '3301', 1, '2010', 68.6),
(913, '3302', 1, '2010', 89.25),
(914, '3303', 1, '2010', 84.61),
(915, '3304', 1, '2010', 71.56),
(916, '3305', 1, '2010', 91.38),
(917, '3306', 1, '2010', 72.64),
(918, '3307', 1, '2010', 80.76),
(919, '3308', 1, '2010', 78.06),
(920, '3309', 1, '2010', 65.62),
(921, '3310', 1, '2010', 66.52),
(922, '3311', 1, '2010', 82.3),
(923, '3312', 1, '2010', 65.43),
(924, '3313', 1, '2010', 73.5),
(925, '3314', 1, '2010', 68.02),
(926, '3315', 1, '2010', 66.52),
(927, '3316', 1, '2010', 73.14),
(928, '3317', 1, '2010', 86.84),
(929, '3318', 1, '2010', 106.42),
(930, '3319', 1, '2010', 101.16),
(931, '3320', 1, '2010', 92.12),
(932, '3321', 1, '2010', 69.78),
(933, '3322', 1, '2010', 59.2),
(934, '3323', 1, '2010', 63.78),
(935, '3324', 1, '2010', 71.82),
(936, '3325', 1, '2010', 91.26),
(937, '3326', 1, '2010', 94.27),
(938, '3327', 1, '2010', 98.92),
(939, '3328', 1, '2010', 114.8),
(940, '3329', 1, '2010', 81.09),
(941, '3371', 1, '2010', 123.06),
(942, '3372', 1, '2010', 44.69),
(943, '3373', 1, '2010', 51.59),
(944, '3374', 1, '2010', 84.35),
(945, '3375', 1, '2010', 102.99),
(946, '3376', 1, '2010', 45.84),
(947, '3301', 7, '2010', 89.39),
(948, '3302', 7, '2010', 319.07),
(949, '3303', 7, '2010', 192.41),
(950, '3304', 7, '2010', 222.57),
(951, '3305', 7, '2010', 34.48),
(952, '3306', 7, '2010', 72.55),
(953, '3307', 7, '2010', 91.47),
(954, '3308', 7, '2010', 76.25),
(955, '3309', 7, '2010', 60.97),
(956, '3310', 7, '2010', 420),
(957, '3311', 7, '2010', 100),
(958, '3312', 7, '2010', 260),
(959, '3313', 7, '2010', 622.22),
(960, '3314', 7, '2010', 76.92),
(961, '3315', 7, '2010', 50),
(962, '3316', 7, '2010', 120.22),
(963, '3317', 7, '2010', 433.33),
(964, '3318', 7, '2010', 146.15),
(965, '3319', 7, '2010', 200),
(966, '3320', 7, '2010', 402.78),
(967, '3321', 7, '2010', 44.44),
(968, '3322', 7, '2010', 162.5),
(969, '3323', 7, '2010', 583.33),
(970, '3324', 7, '2010', 50),
(971, '3325', 7, '2010', 185.71),
(972, '3326', 7, '2010', 66.67),
(973, '3327', 7, '2010', 44.3),
(974, '3328', 7, '2010', 228.57),
(975, '3329', 7, '2010', 97.54),
(976, '3371', 7, '2010', 225),
(977, '3372', 7, '2010', 0),
(978, '3373', 7, '2010', 5.8),
(979, '3374', 7, '2010', 98.23),
(980, '3375', 7, '2010', 433.33),
(981, '3376', 7, '2010', 30),
(982, '3301', 3, '2010', 133.46),
(983, '3302', 3, '2010', 81.29),
(984, '3303', 3, '2010', 71.25),
(985, '3304', 3, '2010', 92.69),
(986, '3305', 3, '2010', 145.5),
(987, '3306', 3, '2010', 125.61),
(988, '3307', 3, '2010', 69.32),
(989, '3308', 3, '2010', 215.08),
(990, '3309', 3, '2010', 70.44),
(991, '3310', 3, '2010', 236.23),
(992, '3311', 3, '2010', 167.51),
(993, '3312', 3, '2010', 41.19),
(994, '3313', 3, '2010', 95.11),
(995, '3314', 3, '2010', 116.27),
(996, '3315', 3, '2010', 149.34),
(997, '3316', 3, '2010', 112.54),
(998, '3317', 3, '2010', 79.47),
(999, '3318', 3, '2010', 130.44),
(1000, '3319', 3, '2010', 114.97),
(1001, '3320', 3, '2010', 119.5),
(1002, '3321', 3, '2010', 67.25),
(1003, '3322', 3, '2010', 104.74),
(1004, '3323', 3, '2010', 50.61),
(1005, '3324', 3, '2010', 62.9),
(1006, '3325', 3, '2010', 130.95),
(1007, '3326', 3, '2010', 99.81),
(1008, '3327', 3, '2010', 324.08),
(1009, '3328', 3, '2010', 195.21),
(1010, '3329', 3, '2010', 225.42),
(1011, '3371', 3, '2010', 164.16),
(1012, '3372', 3, '2010', 83.65),
(1013, '3373', 3, '2010', 110.87),
(1014, '3374', 3, '2010', 90.01),
(1015, '3375', 3, '2010', 445.56),
(1016, '3376', 3, '2010', 94.62),
(1017, '', 0, '', 0);

-- --------------------------------------------------------

--
-- Struktur dari tabel `pengguna_kb`
--

CREATE TABLE IF NOT EXISTS `pengguna_kb` (
  `id_pengguna` int(11) NOT NULL AUTO_INCREMENT,
  `id_kab` varchar(4) NOT NULL,
  `id_kb` int(11) NOT NULL,
  `tahun` varchar(4) NOT NULL,
  `jumlah` double NOT NULL,
  PRIMARY KEY (`id_pengguna`)
) ENGINE=MyISAM  DEFAULT CHARSET=latin1 AUTO_INCREMENT=1156 ;

--
-- Dumping data untuk tabel `pengguna_kb`
--

INSERT INTO `pengguna_kb` (`id_pengguna`, `id_kab`, `id_kb`, `tahun`, `jumlah`) VALUES
(491, '3301', 1, '2010', 74),
(492, '3302', 1, '2010', 75.07),
(493, '3303', 1, '2010', 79.77),
(494, '3304', 1, '2010', 81.01),
(495, '3305', 1, '2010', 75.78),
(496, '3306', 1, '2010', 80.42),
(497, '3307', 1, '2010', 81.41),
(498, '3308', 1, '2010', 77.88),
(499, '3309', 1, '2010', 83.26),
(500, '3310', 1, '2010', 79.36),
(501, '3311', 1, '2010', 78.16),
(502, '3312', 1, '2010', 82.7),
(503, '3313', 1, '2010', 78.78),
(504, '3314', 1, '2010', 78.87),
(505, '3315', 1, '2010', 76.01),
(506, '3316', 1, '2010', 78.96),
(507, '3317', 1, '2010', 83.07),
(508, '3318', 1, '2010', 80),
(509, '3319', 1, '2010', 79.27),
(510, '3320', 1, '2010', 77.9),
(511, '3321', 1, '2010', 74.83),
(512, '3322', 1, '2010', 83.15),
(513, '3323', 1, '2010', 81.88),
(514, '3324', 1, '2010', 77.39),
(515, '3325', 1, '2010', 79.22),
(516, '3326', 1, '2010', 80.98),
(517, '3327', 1, '2010', 81.37),
(518, '3328', 1, '2010', 77.12),
(519, '3329', 1, '2010', 78.16),
(520, '3371', 1, '2010', 76.61),
(521, '3372', 1, '2010', 79.13),
(522, '3373', 1, '2010', 71.74),
(523, '3374', 1, '2010', 76.39),
(524, '3375', 1, '2010', 79.5),
(525, '3376', 1, '2010', 72.68),
(526, '3301', 1, '2011', 72.77),
(527, '3302', 1, '2011', 76.91),
(528, '3303', 1, '2011', 80.3),
(529, '3304', 1, '2011', 76.78),
(530, '3305', 1, '2011', 76.92),
(531, '3306', 1, '2011', 80.99),
(532, '3307', 1, '2011', 81.15),
(533, '3308', 1, '2011', 78.88),
(534, '3309', 1, '2011', 85.13),
(535, '3310', 1, '2011', 80.61),
(536, '3311', 1, '2011', 79.31),
(537, '3312', 1, '2011', 83),
(538, '3313', 1, '2011', 79.8),
(539, '3314', 1, '2011', 79.76),
(540, '3315', 1, '2011', 75.96),
(541, '3316', 1, '2011', 80.2),
(542, '3317', 1, '2011', 83.14),
(543, '3318', 1, '2011', 82.88),
(544, '3319', 1, '2011', 78.82),
(545, '3320', 1, '2011', 78.49),
(546, '3321', 1, '2011', 75.09),
(547, '3322', 1, '2011', 83.3),
(548, '3323', 1, '2011', 81.93),
(549, '3324', 1, '2011', 78.74),
(550, '3325', 1, '2011', 80.34),
(551, '3326', 1, '2011', 83),
(552, '3327', 1, '2011', 81.33),
(553, '3328', 1, '2011', 77.95),
(554, '3329', 1, '2011', 82.02),
(555, '3371', 1, '2011', 75.96),
(556, '3372', 1, '2011', 79.41),
(557, '3373', 1, '2011', 78.72),
(558, '3374', 1, '2011', 76.02),
(559, '3375', 1, '2011', 74.23),
(560, '3376', 1, '2011', 78.87),
(561, '3301', 1, '2012', 73.39),
(562, '3302', 1, '2012', 77.44),
(563, '3303', 1, '2012', 81.1),
(564, '3304', 1, '2012', 76.5),
(565, '3305', 1, '2012', 78.08),
(566, '3306', 1, '2012', 83.26),
(567, '3307', 1, '2012', 82.07),
(568, '3308', 1, '2012', 81.19),
(569, '3309', 1, '2012', 85.17),
(570, '3310', 1, '2012', 81.54),
(571, '3311', 1, '2012', 79.57),
(572, '3312', 1, '2012', 83.61),
(573, '3313', 1, '2012', 79.5),
(574, '3314', 1, '2012', 79.71),
(575, '3315', 1, '2012', 77.29),
(576, '3316', 1, '2012', 80.78),
(577, '3317', 1, '2012', 84.06),
(578, '3318', 1, '2012', 82.83),
(579, '3319', 1, '2012', 82.35),
(580, '3320', 1, '2012', 80.63),
(581, '3321', 1, '2012', 76.68),
(582, '3322', 1, '2012', 85.76),
(583, '3323', 1, '2012', 83.23),
(584, '3324', 1, '2012', 78.55),
(585, '3325', 1, '2012', 83.68),
(586, '3326', 1, '2012', 82.96),
(587, '3327', 1, '2012', 81.65),
(588, '3328', 1, '2012', 78.51),
(589, '3329', 1, '2012', 82.34),
(590, '3371', 1, '2012', 81.94),
(591, '3372', 1, '2012', 80.13),
(592, '3373', 1, '2012', 78.27),
(593, '3374', 1, '2012', 77.32),
(594, '3375', 1, '2012', 77.78),
(595, '3376', 1, '2012', 73.93),
(596, '3301', 2, '2010', 4.14),
(597, '3302', 2, '2010', 3.15),
(598, '3303', 2, '2010', 3.16),
(599, '3304', 2, '2010', 2.81),
(600, '3305', 2, '2010', 2.24),
(601, '3306', 2, '2010', 3.92),
(602, '3307', 2, '2010', 2.2),
(603, '3308', 2, '2010', 2.33),
(604, '3309', 2, '2010', 3.01),
(605, '3310', 2, '2010', 3.42),
(606, '3311', 2, '2010', 1.37),
(607, '3312', 2, '2010', 2.4),
(608, '3313', 2, '2010', 2.55),
(609, '3314', 2, '2010', 1.58),
(610, '3315', 2, '2010', 1),
(611, '3316', 2, '2010', 3.83),
(612, '3317', 2, '2010', 1.11),
(613, '3318', 2, '2010', 2.76),
(614, '3319', 2, '2010', 2.38),
(615, '3320', 2, '2010', 4.54),
(616, '3321', 2, '2010', 1.7),
(617, '3322', 2, '2010', 1.97),
(618, '3323', 2, '2010', 2.81),
(619, '3324', 2, '2010', 1.17),
(620, '3325', 2, '2010', 6.11),
(621, '3326', 2, '2010', 1.87),
(622, '3327', 2, '2010', 5.58),
(623, '3328', 2, '2010', 1.7),
(624, '3329', 2, '2010', 2.02),
(625, '3371', 2, '2010', 7.25),
(626, '3372', 2, '2010', 8.61),
(627, '3373', 2, '2010', 5.74),
(628, '3374', 2, '2010', 7.5),
(629, '3375', 2, '2010', 5.54),
(630, '3376', 2, '2010', 2.53),
(631, '3301', 2, '2011', 4.16),
(632, '3302', 2, '2011', 3.77),
(633, '3303', 2, '2011', 3.6),
(634, '3304', 2, '2011', 3.04),
(635, '3305', 2, '2011', 2.58),
(636, '3306', 2, '2011', 4.05),
(637, '3307', 2, '2011', 2.28),
(638, '3308', 2, '2011', 2.29),
(639, '3309', 2, '2011', 3),
(640, '3310', 2, '2011', 3.41),
(641, '3311', 2, '2011', 1.58),
(642, '3312', 2, '2011', 2.2),
(643, '3313', 2, '2011', 2.82),
(644, '3314', 2, '2011', 2.18),
(645, '3315', 2, '2011', 1),
(646, '3316', 2, '2011', 4.02),
(647, '3317', 2, '2011', 1.47),
(648, '3318', 2, '2011', 3.09),
(649, '3319', 2, '2011', 2.76),
(650, '3320', 2, '2011', 4.6),
(651, '3321', 2, '2011', 1.88),
(652, '3322', 2, '2011', 1.82),
(653, '3323', 2, '2011', 3.12),
(654, '3324', 2, '2011', 1.21),
(655, '3325', 2, '2011', 6.56),
(656, '3326', 2, '2011', 7.42),
(657, '3327', 2, '2011', 5.51),
(658, '3328', 2, '2011', 2.07),
(659, '3329', 2, '2011', 2.29),
(660, '3371', 2, '2011', 7.03),
(661, '3372', 2, '2011', 8.9),
(662, '3373', 2, '2011', 5.79),
(663, '3374', 2, '2011', 7.87),
(664, '3375', 2, '2011', 6.09),
(665, '3376', 2, '2011', 2.64),
(666, '3301', 2, '2012', 4.05),
(667, '3302', 2, '2012', 4.07),
(668, '3303', 2, '2012', 3.82),
(669, '3304', 2, '2012', 3.53),
(670, '3305', 2, '2012', 2.44),
(671, '3306', 2, '2012', 4.16),
(672, '3307', 2, '2012', 2.3),
(673, '3308', 2, '2012', 2.21),
(674, '3309', 2, '2012', 2.8),
(675, '3310', 2, '2012', 3.57),
(676, '3311', 2, '2012', 1.67),
(677, '3312', 2, '2012', 2.29),
(678, '3313', 2, '2012', 2.91),
(679, '3314', 2, '2012', 2.17),
(680, '3315', 2, '2012', 1.17),
(681, '3316', 2, '2012', 3.93),
(682, '3317', 2, '2012', 1.3),
(683, '3318', 2, '2012', 2.46),
(684, '3319', 2, '2012', 2.9),
(685, '3320', 2, '2012', 4.64),
(686, '3321', 2, '2012', 2.23),
(687, '3322', 2, '2012', 1.81),
(688, '3323', 2, '2012', 2.9),
(689, '3324', 2, '2012', 1.11),
(690, '3325', 2, '2012', 6.91),
(691, '3326', 2, '2012', 2.31),
(692, '3327', 2, '2012', 5.23),
(693, '3328', 2, '2012', 2.22),
(694, '3329', 2, '2012', 2.67),
(695, '3371', 2, '2012', 9.01),
(696, '3372', 2, '2012', 9.2),
(697, '3373', 2, '2012', 5.75),
(698, '3374', 2, '2012', 7.99),
(699, '3375', 2, '2012', 6.85),
(700, '3376', 2, '2012', 2.9),
(701, '3301', 3, '2010', 16.91),
(702, '3302', 3, '2010', 15.49),
(703, '3303', 3, '2010', 9.99),
(704, '3304', 3, '2010', 8.68),
(705, '3305', 3, '2010', 14.68),
(706, '3306', 3, '2010', 10.21),
(707, '3307', 3, '2010', 9.74),
(708, '3308', 3, '2010', 11.34),
(709, '3309', 3, '2010', 9.32),
(710, '3310', 3, '2010', 13.35),
(711, '3311', 3, '2010', 11.79),
(712, '3312', 3, '2010', 8.86),
(713, '3313', 3, '2010', 10.88),
(714, '3314', 3, '2010', 12.21),
(715, '3315', 3, '2010', 13.77),
(716, '3316', 3, '2010', 10.96),
(717, '3317', 3, '2010', 7.41),
(718, '3318', 3, '2010', 10.49),
(719, '3319', 3, '2010', 11.85),
(720, '3320', 3, '2010', 11.44),
(721, '3321', 3, '2010', 9.26),
(722, '3322', 3, '2010', 9.38),
(723, '3323', 3, '2010', 8.83),
(724, '3324', 3, '2010', 13.56),
(725, '3325', 3, '2010', 11.82),
(726, '3326', 3, '2010', 8.63),
(727, '3327', 3, '2010', 10.77),
(728, '3328', 3, '2010', 12.57),
(729, '3329', 3, '2010', 10.39),
(730, '3371', 3, '2010', 11.33),
(731, '3372', 3, '2010', 11.28),
(732, '3373', 3, '2010', 18.78),
(733, '3374', 3, '2010', 13.65),
(734, '3375', 3, '2010', 9.73),
(735, '3376', 3, '2010', 16.22),
(736, '3301', 3, '2011', 17.55),
(737, '3302', 3, '2011', 12.93),
(738, '3303', 3, '2011', 9.49),
(739, '3304', 3, '2011', 10.57),
(740, '3305', 3, '2011', 13.25),
(741, '3306', 3, '2011', 9.68),
(742, '3307', 3, '2011', 9.97),
(743, '3308', 3, '2011', 10.16),
(744, '3309', 3, '2011', 7.3),
(745, '3310', 3, '2011', 11.39),
(746, '3311', 3, '2011', 10.88),
(747, '3312', 3, '2011', 8.48),
(748, '3313', 3, '2011', 9.76),
(749, '3314', 3, '2011', 11.37),
(750, '3315', 3, '2011', 13.88),
(751, '3316', 3, '2011', 10.53),
(752, '3317', 3, '2011', 7.61),
(753, '3318', 3, '2011', 8.88),
(754, '3319', 3, '2011', 11.63),
(755, '3320', 3, '2011', 11.65),
(756, '3321', 3, '2011', 9.47),
(757, '3322', 3, '2011', 9),
(758, '3323', 3, '2011', 8.19),
(759, '3324', 3, '2011', 11.67),
(760, '3325', 3, '2011', 10.5),
(761, '3326', 3, '2011', 7.89),
(762, '3327', 3, '2011', 10.06),
(763, '3328', 3, '2011', 12.41),
(764, '3329', 3, '2011', 9.29),
(765, '3371', 3, '2011', 11.47),
(766, '3372', 3, '2011', 10.92),
(767, '3373', 3, '2011', 10.54),
(768, '3374', 3, '2011', 13.45),
(769, '3375', 3, '2011', 12.7),
(770, '3376', 3, '2011', 12.11),
(771, '3301', 3, '2012', 15.05),
(772, '3302', 3, '2012', 12.47),
(773, '3303', 3, '2012', 9.31),
(774, '3304', 3, '2012', 10.51),
(775, '3305', 3, '2012', 12.29),
(776, '3306', 3, '2012', 8.46),
(777, '3307', 3, '2012', 9.39),
(778, '3308', 3, '2012', 9.13),
(779, '3309', 3, '2012', 7.7),
(780, '3310', 3, '2012', 10.46),
(781, '3311', 3, '2012', 10.16),
(782, '3312', 3, '2012', 8.31),
(783, '3313', 3, '2012', 9.3),
(784, '3314', 3, '2012', 11.21),
(785, '3315', 3, '2012', 12.85),
(786, '3316', 3, '2012', 9.98),
(787, '3317', 3, '2012', 7.04),
(788, '3318', 3, '2012', 8.43),
(789, '3319', 3, '2012', 9.57),
(790, '3320', 3, '2012', 10.01),
(791, '3321', 3, '2012', 8.9),
(792, '3322', 3, '2012', 7.47),
(793, '3323', 3, '2012', 7.56),
(794, '3324', 3, '2012', 11.65),
(795, '3325', 3, '2012', 8.52),
(796, '3326', 3, '2012', 8.14),
(797, '3327', 3, '2012', 10.15),
(798, '3328', 3, '2012', 11.32),
(799, '3329', 3, '2012', 9.73),
(800, '3371', 3, '2012', 10.56),
(801, '3372', 3, '2012', 10.23),
(802, '3373', 3, '2012', 10.53),
(803, '3374', 3, '2012', 12.22),
(804, '3375', 3, '2012', 9.56),
(805, '3376', 3, '2012', 15.48),
(1015, '3376', 4, '2012', 70.13),
(1014, '3375', 4, '2012', 47.57),
(1013, '3374', 4, '2012', 59.32),
(1012, '3373', 4, '2012', 46.19),
(1011, '3372', 4, '2012', 28.13),
(1010, '3371', 4, '2012', 14.83),
(1009, '3329', 4, '2012', 29.66),
(1008, '3328', 4, '2012', 72.74),
(1007, '3327', 4, '2012', 48.3),
(1006, '3326', 4, '2012', 56.78),
(1005, '3325', 4, '2012', 50.8),
(1004, '3324', 4, '2012', 46.42),
(1003, '3323', 4, '2012', 31.28),
(1002, '3322', 4, '2012', 43.75),
(1001, '3321', 4, '2012', 53.18),
(1000, '3320', 4, '2012', 44.92),
(999, '3319', 4, '2012', 18.84),
(998, '3318', 4, '2012', 50.08),
(997, '3317', 4, '2012', 36.51),
(996, '3316', 4, '2012', 37.34),
(995, '3315', 4, '2012', 56.22),
(994, '3314', 4, '2012', 52.13),
(993, '3313', 4, '2012', 47.41),
(992, '3312', 4, '2012', 42.71),
(991, '3311', 4, '2012', 64.3),
(990, '3310', 4, '2012', 52.68),
(989, '3309', 4, '2012', 46.99),
(988, '3308', 4, '2012', 57.71),
(987, '3307', 4, '2012', 41.62),
(986, '3306', 4, '2012', 50.11),
(985, '3305', 4, '2012', 41.31),
(984, '3304', 4, '2012', 31.71),
(983, '3303', 4, '2012', 30.36),
(982, '3302', 4, '2012', 31.51),
(981, '3301', 4, '2012', 26.97),
(980, '3376', 4, '2011', 73.06),
(979, '3375', 4, '2011', 64.57),
(978, '3374', 4, '2011', 65.27),
(977, '3373', 4, '2011', 53.39),
(976, '3372', 4, '2011', 39.96),
(975, '3371', 4, '2011', 18.52),
(974, '3329', 4, '2011', 26.15),
(973, '3328', 4, '2011', 67.21),
(972, '3327', 4, '2011', 59.95),
(971, '3326', 4, '2011', 54.02),
(970, '3325', 4, '2011', 48.91),
(969, '3324', 4, '2011', 43.64),
(968, '3323', 4, '2011', 41.86),
(967, '3322', 4, '2011', 48.01),
(966, '3321', 4, '2011', 62.94),
(965, '3320', 4, '2011', 44.6),
(964, '3319', 4, '2011', 38.79),
(963, '3318', 4, '2011', 62.39),
(962, '3317', 4, '2011', 35.63),
(961, '3316', 4, '2011', 37.57),
(960, '3315', 4, '2011', 57.92),
(959, '3314', 4, '2011', 50.73),
(958, '3313', 4, '2011', 46.39),
(957, '3312', 4, '2011', 42.72),
(956, '3311', 4, '2011', 70.59),
(955, '3310', 4, '2011', 50.6),
(954, '3309', 4, '2011', 53.89),
(953, '3308', 4, '2011', 45.89),
(952, '3307', 4, '2011', 66.06),
(951, '3306', 4, '2011', 47.37),
(950, '3305', 4, '2011', 38.23),
(949, '3304', 4, '2011', 34.88),
(948, '3303', 4, '2011', 42.58),
(947, '3302', 4, '2011', 32.96),
(946, '3301', 4, '2011', 34.93),
(945, '3376', 4, '2010', 63.04),
(944, '3375', 4, '2010', 63.68),
(943, '3374', 4, '2010', 53.61),
(942, '3373', 4, '2010', 50.05),
(941, '3372', 4, '2010', 33.04),
(940, '3371', 4, '2010', 29.49),
(939, '3329', 4, '2010', 76.02),
(938, '3328', 4, '2010', 63.16),
(937, '3327', 4, '2010', 52.98),
(936, '3326', 4, '2010', 52.98),
(935, '3325', 4, '2010', 49),
(934, '3324', 4, '2010', 44.73),
(933, '3323', 4, '2010', 49.86),
(932, '3322', 4, '2010', 44.58),
(931, '3321', 4, '2010', 53.79),
(930, '3320', 4, '2010', 49),
(929, '3319', 4, '2010', 48.51),
(928, '3318', 4, '2010', 63.97),
(927, '3317', 4, '2010', 34.44),
(926, '3316', 4, '2010', 33.24),
(925, '3315', 4, '2010', 55.29),
(924, '3314', 4, '2010', 49.04),
(923, '3313', 4, '2010', 51.74),
(922, '3312', 4, '2010', 42.88),
(921, '3311', 4, '2010', 75.81),
(920, '3310', 4, '2010', 47.02),
(919, '3309', 4, '2010', 53.72),
(918, '3308', 4, '2010', 50.85),
(917, '3307', 4, '2010', 71.31),
(916, '3306', 4, '2010', 47.32),
(915, '3305', 4, '2010', 46.4),
(914, '3304', 4, '2010', 40.32),
(913, '3303', 4, '2010', 37.99),
(912, '3302', 4, '2010', 30.54),
(911, '3301', 4, '2010', 41.55),
(1016, '3301', 5, '2010', 44.1),
(1017, '3302', 5, '2010', 37.6),
(1018, '3303', 5, '2010', 37.62),
(1019, '3304', 5, '2010', 48.91),
(1020, '3305', 5, '2010', 39.69),
(1021, '3306', 5, '2010', 16.84),
(1022, '3307', 5, '2010', 27.36),
(1023, '3308', 5, '2010', 30.07),
(1024, '3309', 5, '2010', 32.5),
(1025, '3310', 5, '2010', 42.59),
(1026, '3311', 5, '2010', 14.5),
(1027, '3312', 5, '2010', 28.03),
(1028, '3313', 5, '2010', 21.96),
(1029, '3314', 5, '2010', 23.56),
(1030, '3315', 5, '2010', 58.45),
(1031, '3316', 5, '2010', 63.56),
(1032, '3317', 5, '2010', 61.9),
(1033, '3318', 5, '2010', 26.86),
(1034, '3319', 5, '2010', 30.28),
(1035, '3320', 5, '2010', 28.8),
(1036, '3321', 5, '2010', 48.95),
(1037, '3322', 5, '2010', 50.33),
(1038, '3323', 5, '2010', 40.24),
(1039, '3324', 5, '2010', 37.74),
(1040, '3325', 5, '2010', 52.62),
(1041, '3326', 5, '2010', 30.13),
(1042, '3327', 5, '2010', 21.68),
(1043, '3328', 5, '2010', 30.43),
(1044, '3329', 5, '2010', 56.38),
(1045, '3371', 5, '2010', 2.04),
(1046, '3372', 5, '2010', 52.29),
(1047, '3373', 5, '2010', 48.81),
(1048, '3374', 5, '2010', 13.25),
(1049, '3375', 5, '2010', 29.65),
(1050, '3376', 5, '2010', 20.78),
(1051, '3301', 5, '2011', 47.85),
(1052, '3302', 5, '2011', 40.86),
(1053, '3303', 5, '2011', 34.1),
(1054, '3304', 5, '2011', 47.68),
(1055, '3305', 5, '2011', 47.81),
(1056, '3306', 5, '2011', 19.41),
(1057, '3307', 5, '2011', 14.2),
(1058, '3308', 5, '2011', 37.63),
(1059, '3309', 5, '2011', 35.39),
(1060, '3310', 5, '2011', 38.87),
(1061, '3311', 5, '2011', 17.25),
(1062, '3312', 5, '2011', 24),
(1063, '3313', 5, '2011', 24.15),
(1064, '3314', 5, '2011', 23.8),
(1065, '3315', 5, '2011', 57.41),
(1066, '3316', 5, '2011', 57.23),
(1067, '3317', 5, '2011', 52.08),
(1068, '3318', 5, '2011', 29.65),
(1069, '3319', 5, '2011', 33.61),
(1070, '3320', 5, '2011', 37.08),
(1071, '3321', 5, '2011', 42.53),
(1072, '3322', 5, '2011', 49.46),
(1073, '3323', 5, '2011', 44.3),
(1074, '3324', 5, '2011', 44.46),
(1075, '3325', 5, '2011', 51.55),
(1076, '3326', 5, '2011', 32.89),
(1077, '3327', 5, '2011', 35.81),
(1078, '3328', 5, '2011', 36.33),
(1079, '3329', 5, '2011', 45.96),
(1080, '3371', 5, '2011', 29.74),
(1081, '3372', 5, '2011', 59.61),
(1082, '3373', 5, '2011', 39.25),
(1083, '3374', 5, '2011', 11.71),
(1084, '3375', 5, '2011', 30.46),
(1085, '3376', 5, '2011', 20.9),
(1086, '3301', 5, '2012', 51.98),
(1087, '3302', 5, '2012', 50.77),
(1088, '3303', 5, '2012', 49.36),
(1089, '3304', 5, '2012', 58.61),
(1090, '3305', 5, '2012', 46.19),
(1091, '3306', 5, '2012', 15.44),
(1092, '3307', 5, '2012', 12.16),
(1093, '3308', 5, '2012', 36.67),
(1094, '3309', 5, '2012', 27.73),
(1095, '3310', 5, '2012', 42.28),
(1096, '3311', 5, '2012', 9.25),
(1097, '3312', 5, '2012', 31.21),
(1098, '3313', 5, '2012', 33.32),
(1099, '3314', 5, '2012', 26.42),
(1100, '3315', 5, '2012', 60.31),
(1101, '3316', 5, '2012', 59.16),
(1102, '3317', 5, '2012', 52.02),
(1103, '3318', 5, '2012', 38.64),
(1104, '3319', 5, '2012', 44.16),
(1105, '3320', 5, '2012', 46.03),
(1106, '3321', 5, '2012', 55.91),
(1107, '3322', 5, '2012', 48.7),
(1108, '3323', 5, '2012', 55.98),
(1109, '3324', 5, '2012', 37.66),
(1110, '3325', 5, '2012', 50.12),
(1111, '3326', 5, '2012', 34.23),
(1112, '3327', 5, '2012', 36.34),
(1113, '3328', 5, '2012', 42.2),
(1114, '3329', 5, '2012', 52.84),
(1115, '3371', 5, '2012', 52.28),
(1116, '3372', 5, '2012', 63.54),
(1117, '3373', 5, '2012', 57.62),
(1118, '3374', 5, '2012', 17.88),
(1119, '3375', 5, '2012', 37.14),
(1120, '3376', 5, '2012', 25.59),
(1151, '3372', 1, '2013', 0),
(1152, '3373', 1, '2013', 0),
(1153, '3374', 1, '2013', 0),
(1154, '3375', 1, '2013', 0),
(1155, '3376', 1, '2013', 0);

-- --------------------------------------------------------

--
-- Struktur dari tabel `project`
--

CREATE TABLE IF NOT EXISTS `project` (
  `ProjectID` int(11) NOT NULL,
  `Title` char(250) DEFAULT NULL,
  `IsProjected` tinyint(4) DEFAULT NULL,
  `LonMin` double DEFAULT NULL,
  `LonMax` double DEFAULT NULL,
  `LatMin` double DEFAULT NULL,
  `LatMax` double DEFAULT NULL,
  `Width` int(11) DEFAULT NULL,
  `Height` int(11) DEFAULT NULL,
  `Scale` int(11) DEFAULT NULL,
  `TransFactor` int(11) DEFAULT NULL,
  `AdminPassword` char(50) DEFAULT NULL,
  PRIMARY KEY (`ProjectID`)
) ENGINE=InnoDB DEFAULT CHARSET=latin1;

--
-- Dumping data untuk tabel `project`
--

INSERT INTO `project` (`ProjectID`, `Title`, `IsProjected`, `LonMin`, `LonMax`, `LatMin`, `LatMax`, `Width`, `Height`, `Scale`, `TransFactor`, `AdminPassword`) VALUES
(0, 'Prov Jateng', 0, 108.378, 111.854, -5.78199, -8.80854, 704, 617, 19, 1000, 'root');

-- --------------------------------------------------------

--
-- Struktur dari tabel `range_umur`
--

CREATE TABLE IF NOT EXISTS `range_umur` (
  `id_range` int(11) NOT NULL AUTO_INCREMENT,
  `nama_range` varchar(15) NOT NULL,
  `keterangan` varchar(30) NOT NULL,
  PRIMARY KEY (`id_range`)
) ENGINE=MyISAM  DEFAULT CHARSET=latin1 AUTO_INCREMENT=18 ;

--
-- Dumping data untuk tabel `range_umur`
--

INSERT INTO `range_umur` (`id_range`, `nama_range`, `keterangan`) VALUES
(1, 'Range 0 - 4', ''),
(2, 'Range 5 - 9', ''),
(3, 'Range 10 - 14', ''),
(4, 'Range 15 - 19', ''),
(5, 'Range 20 - 24', ''),
(6, 'Range 25 - 29', ''),
(7, 'Range 30 - 34', ''),
(8, 'Range 35 - 39', ''),
(9, 'Range 40 - 44', ''),
(10, 'Range 45 - 49', ''),
(11, 'Range 50 - 54', ''),
(12, 'Range 55 - 59', ''),
(13, 'Range 60 - 64', ''),
(14, 'Range 65 - 69', ''),
(15, 'Range 70 - 74', ''),
(16, 'Range 75+', '');

-- --------------------------------------------------------

--
-- Struktur dari tabel `sessions`
--

CREATE TABLE IF NOT EXISTS `sessions` (
  `ID` int(11) NOT NULL AUTO_INCREMENT,
  `SessionDate` datetime DEFAULT NULL,
  PRIMARY KEY (`ID`)
) ENGINE=InnoDB DEFAULT CHARSET=latin1 AUTO_INCREMENT=1 ;

-- --------------------------------------------------------

--
-- Struktur dari tabel `sumber`
--

CREATE TABLE IF NOT EXISTS `sumber` (
  `id_sumber` int(11) NOT NULL AUTO_INCREMENT,
  `nama_sumber` varchar(25) NOT NULL,
  `keterangan` varchar(30) NOT NULL,
  PRIMARY KEY (`id_sumber`)
) ENGINE=MyISAM  DEFAULT CHARSET=latin1 AUTO_INCREMENT=3 ;

--
-- Dumping data untuk tabel `sumber`
--

INSERT INTO `sumber` (`id_sumber`, `nama_sumber`, `keterangan`) VALUES
(1, 'Sensus Penduduk', ''),
(2, 'SDKI', '');

-- --------------------------------------------------------

--
-- Struktur dari tabel `tfr`
--

CREATE TABLE IF NOT EXISTS `tfr` (
  `id_tfr` int(11) NOT NULL AUTO_INCREMENT,
  `id_sumber` int(11) NOT NULL,
  `kode_kab` varchar(4) NOT NULL,
  `jumlah` double NOT NULL,
  `tahun` varchar(4) NOT NULL,
  PRIMARY KEY (`id_tfr`)
) ENGINE=MyISAM  DEFAULT CHARSET=latin1 AUTO_INCREMENT=248 ;

--
-- Dumping data untuk tabel `tfr`
--

INSERT INTO `tfr` (`id_tfr`, `id_sumber`, `kode_kab`, `jumlah`, `tahun`) VALUES
(33, 1, '3374', 1.7, '2010'),
(25, 1, '3325', 2.2, '2010'),
(23, 1, '3323', 2.4, '2010'),
(22, 1, '3322', 2, '2010'),
(21, 1, '3321', 2.1, '2010'),
(20, 1, '3320', 2.2, '2010'),
(19, 1, '3319', 1.8, '2010'),
(18, 1, '3318', 1.9, '2010'),
(17, 1, '3317', 1.8, '2010'),
(16, 1, '3316', 2, '2010'),
(15, 1, '3315', 2.2, '2010'),
(14, 1, '3314', 2, '2010'),
(13, 1, '3313', 2.1, '2010'),
(24, 1, '3324', 2.2, '2010'),
(32, 1, '3373', 1.9, '2010'),
(31, 1, '3372', 1.6, '2010'),
(30, 1, '3371', 1.8, '2010'),
(29, 1, '3329', 2.4, '2010'),
(28, 1, '3328', 2.4, '2010'),
(27, 1, '3327', 2.3, '2010'),
(26, 1, '3326', 2.3, '2010'),
(12, 1, '3312', 2.1, '2010'),
(11, 1, '3311', 1.8, '2010'),
(10, 1, '3310', 2.1, '2010'),
(9, 1, '3309', 2.2, '2010'),
(8, 1, '3308', 2.3, '2010'),
(7, 1, '3307', 2.5, '2010'),
(6, 1, '3306', 2.2, '2010'),
(5, 1, '3305', 2.6, '2010'),
(4, 1, '3304', 2.4, '2010'),
(3, 1, '3303', 2.5, '2010'),
(2, 1, '3302', 2.4, '2010'),
(1, 1, '3301', 2.4, '2010'),
(34, 1, '3375', 2, '2010'),
(35, 1, '3376', 2, '2010');

-- --------------------------------------------------------

--
-- Struktur dari tabel `titik_ruko`
--

CREATE TABLE IF NOT EXISTS `titik_ruko` (
  `id` int(3) NOT NULL AUTO_INCREMENT,
  `nama` varchar(100) NOT NULL,
  `c1` int(3) NOT NULL,
  `c2` int(3) NOT NULL,
  `c3` int(3) NOT NULL,
  `c4` int(3) NOT NULL,
  `lat` varchar(50) NOT NULL,
  `lng` varchar(50) NOT NULL,
  PRIMARY KEY (`id`)
) ENGINE=InnoDB  DEFAULT CHARSET=latin1 AUTO_INCREMENT=8 ;

--
-- Dumping data untuk tabel `titik_ruko`
--

INSERT INTO `titik_ruko` (`id`, `nama`, `c1`, `c2`, `c3`, `c4`, `lat`, `lng`) VALUES
(1, 'Citraland Mall (Ruko atau Titik A)', 73, 88, 1, 64, '-6.988058', '110.424244'),
(2, 'Java Mall (Ruko atau Titik B)', 85, 92, 2, 72, '-7.006365', '110.431943'),
(3, 'DP Mall (Ruko atau Titik C)', 70, 80, 3, 86, '-6.982748', '110.411643'),
(4, 'Paragon Mall (Ruko atau Titik D)', 71, 68, 2, 91, '-6.978692', '110.415793');

-- --------------------------------------------------------

--
-- Struktur dari tabel `user`
--

CREATE TABLE IF NOT EXISTS `user` (
  `id_user` varchar(20) NOT NULL,
  `nama` varchar(50) NOT NULL,
  `username` varchar(50) NOT NULL,
  `password` varchar(100) NOT NULL,
  `level` int(11) NOT NULL,
  `foto` varchar(100) NOT NULL,
  PRIMARY KEY (`id_user`)
) ENGINE=MyISAM DEFAULT CHARSET=latin1;

--
-- Dumping data untuk tabel `user`
--

INSERT INTO `user` (`id_user`, `nama`, `username`, `password`, `level`, `foto`) VALUES
('1', 'Reza Ardiansyah', 'staf', '7b8a17c3f48d4453fde0fd74b4fa9212', 2, 'reza.jpg'),
('24010310130062', 'Anggi Meidamara', 'admin', '21232f297a57a5a743894a0e4a801fc3', 99, 'Screenshot_2.png'),
('2', 'Siti', 'kepala', '870f669e4bbbfa8a6fde65549826d1c4', 1, 'siti.jpg');

-- --------------------------------------------------------

--
-- Struktur dari tabel `user_log`
--

CREATE TABLE IF NOT EXISTS `user_log` (
  `id_log` int(11) NOT NULL AUTO_INCREMENT,
  `id_user` varchar(20) NOT NULL,
  `status` varchar(50) NOT NULL,
  `tanggal` timestamp NOT NULL DEFAULT CURRENT_TIMESTAMP ON UPDATE CURRENT_TIMESTAMP,
  PRIMARY KEY (`id_log`)
) ENGINE=MyISAM  DEFAULT CHARSET=latin1 AUTO_INCREMENT=961 ;

--
-- Dumping data untuk tabel `user_log`
--

INSERT INTO `user_log` (`id_log`, `id_user`, `status`, `tanggal`) VALUES
(799, '', 'Tambah data pegawai', '2014-06-02 05:01:34'),
(800, '', 'Tambah data pegawai', '2014-06-02 05:28:49'),
(801, '', 'Tambah data pegawai', '2014-06-02 05:29:51'),
(802, '1', 'Tambah data jumlah penduduk', '2014-07-24 03:00:05'),
(803, '1', 'Tambah data jumlah penduduk', '2014-07-24 03:00:05'),
(804, '1', 'Tambah data jumlah penduduk', '2014-07-24 03:00:05'),
(805, '1', 'Tambah data jumlah penduduk', '2014-07-24 03:00:05'),
(806, '1', 'Tambah data jumlah penduduk', '2014-07-24 03:00:05'),
(807, '1', 'Tambah data jumlah penduduk', '2014-07-24 03:00:05'),
(808, '1', 'Tambah data jumlah penduduk', '2014-07-24 03:00:05'),
(809, '1', 'Tambah data jumlah penduduk', '2014-07-24 03:00:05'),
(810, '1', 'Tambah data jumlah penduduk', '2014-07-24 03:00:05'),
(811, '1', 'Tambah data jumlah penduduk', '2014-07-24 03:00:05'),
(812, '1', 'Tambah data jumlah penduduk', '2014-07-24 03:00:05'),
(813, '1', 'Tambah data jumlah penduduk', '2014-07-24 03:00:05'),
(814, '1', 'Tambah data jumlah penduduk', '2014-07-24 03:00:05'),
(815, '1', 'Tambah data jumlah penduduk', '2014-07-24 03:00:05'),
(816, '1', 'Tambah data jumlah penduduk', '2014-07-24 03:00:05'),
(817, '1', 'Tambah data jumlah penduduk', '2014-07-24 03:00:05'),
(818, '1', 'Tambah data jumlah penduduk', '2014-07-24 03:00:05'),
(819, '1', 'Tambah data jumlah penduduk', '2014-07-24 03:00:05'),
(820, '1', 'Tambah data jumlah penduduk', '2014-07-24 03:00:05'),
(821, '1', 'Tambah data jumlah penduduk', '2014-07-24 03:00:05'),
(822, '1', 'Tambah data jumlah penduduk', '2014-07-24 03:00:05'),
(823, '1', 'Tambah data jumlah penduduk', '2014-07-24 03:00:05'),
(824, '1', 'Tambah data jumlah penduduk', '2014-07-24 03:00:05'),
(825, '1', 'Tambah data jumlah penduduk', '2014-07-24 03:00:05'),
(826, '1', 'Tambah data jumlah penduduk', '2014-07-24 03:00:05'),
(827, '1', 'Tambah data jumlah penduduk', '2014-07-24 03:00:05'),
(828, '1', 'Tambah data jumlah penduduk', '2014-07-24 03:00:05'),
(829, '1', 'Tambah data jumlah penduduk', '2014-07-24 03:00:05'),
(830, '1', 'Tambah data jumlah penduduk', '2014-07-24 03:00:05'),
(831, '1', 'Tambah data jumlah penduduk', '2014-07-24 03:00:05'),
(832, '1', 'Tambah data jumlah penduduk', '2014-07-24 03:00:05'),
(833, '1', 'Tambah data jumlah penduduk', '2014-07-24 03:00:05'),
(834, '1', 'Tambah data jumlah penduduk', '2014-07-24 03:00:05'),
(835, '1', 'Tambah data jumlah penduduk', '2014-07-24 03:00:05'),
(836, '1', 'Tambah data jumlah penduduk', '2014-07-24 03:00:05'),
(837, '1', 'Tambah data jumlah penduduk', '2014-07-24 03:00:05'),
(838, '1', 'Tambah data jumlah penduduk', '2014-07-24 03:00:05'),
(839, '1', 'Tambah data jumlah penduduk', '2014-07-24 03:00:05'),
(840, '1', 'Tambah data jumlah penduduk', '2014-07-24 03:00:05'),
(841, '1', 'Tambah data jumlah penduduk', '2014-07-24 03:00:05'),
(842, '1', 'Tambah data jumlah penduduk', '2014-07-24 03:00:05'),
(843, '1', 'Tambah data jumlah penduduk', '2014-07-24 03:00:05'),
(844, '1', 'Tambah data jumlah penduduk', '2014-07-24 03:00:05'),
(845, '1', 'Tambah data jumlah penduduk', '2014-07-24 03:00:05'),
(846, '1', 'Tambah data jumlah penduduk', '2014-07-24 03:00:05'),
(847, '1', 'Tambah data jumlah penduduk', '2014-07-24 03:00:05'),
(848, '1', 'Tambah data jumlah penduduk', '2014-07-24 03:00:05'),
(849, '1', 'Tambah data jumlah penduduk', '2014-07-24 03:00:05'),
(850, '1', 'Tambah data jumlah penduduk', '2014-07-24 03:00:05'),
(851, '1', 'Tambah data jumlah penduduk', '2014-07-24 03:00:05'),
(852, '1', 'Tambah data jumlah penduduk', '2014-07-24 03:00:05'),
(853, '1', 'Tambah data jumlah penduduk', '2014-07-24 03:00:05'),
(854, '1', 'Tambah data jumlah penduduk', '2014-07-24 03:00:05'),
(855, '1', 'Tambah data jumlah penduduk', '2014-07-24 03:00:05'),
(856, '1', 'Tambah data jumlah penduduk', '2014-07-24 03:00:05'),
(857, '1', 'Tambah data jumlah penduduk', '2014-07-24 03:00:05'),
(858, '1', 'Tambah data jumlah penduduk', '2014-07-24 03:00:05'),
(859, '1', 'Tambah data jumlah penduduk', '2014-07-24 03:00:05'),
(860, '1', 'Tambah data jumlah penduduk', '2014-07-24 03:00:05'),
(861, '1', 'Tambah data jumlah penduduk', '2014-07-24 03:00:05'),
(862, '1', 'Tambah data jumlah penduduk', '2014-07-24 03:00:05'),
(863, '1', 'Tambah data jumlah penduduk', '2014-07-24 03:00:05'),
(864, '1', 'Tambah data jumlah penduduk', '2014-07-24 03:00:05'),
(865, '1', 'Tambah data jumlah penduduk', '2014-07-24 03:00:05'),
(866, '1', 'Tambah data jumlah penduduk', '2014-07-24 03:00:05'),
(867, '1', 'Tambah data jumlah penduduk', '2014-07-24 03:00:05'),
(868, '1', 'Tambah data jumlah penduduk', '2014-07-24 03:00:05'),
(869, '1', 'Tambah data jumlah penduduk', '2014-07-24 03:00:05'),
(870, '1', 'Tambah data jumlah penduduk', '2014-07-24 03:00:05'),
(871, '1', 'Tambah data jumlah penduduk', '2014-07-24 03:00:05'),
(884, '1', 'tambah gallery', '2014-07-24 03:00:05'),
(873, '1', 'Tambah data pegawai', '2014-07-24 03:00:05'),
(874, '1', 'Tambah data pegawai', '2014-07-24 03:00:05'),
(875, '1', 'tambah gallery', '2014-07-24 03:00:05'),
(876, '1', 'tambah gallery', '2014-07-24 03:00:05'),
(877, '', 'editGaleri', '2014-06-03 16:31:48'),
(878, '1', 'edit galeri dengan id 7', '2014-07-24 03:00:05'),
(879, '1', 'edit galeri dengan id 7', '2014-07-24 03:00:05'),
(880, '1', 'edit galeri dengan id 7', '2014-07-24 03:00:05'),
(881, '1', 'edit galeri dengan id 6', '2014-07-24 03:00:05'),
(882, '1', 'edit galeri dengan id 6', '2014-07-24 03:00:05'),
(885, '1', 'tambah gallery', '2014-07-24 03:00:05'),
(886, '1', 'tambah gallery', '2014-07-24 03:00:05'),
(887, '1', 'tambah gallery', '2014-07-24 03:00:05'),
(888, '1', 'edit data jumlah penduduk umur', '2014-07-24 03:00:05'),
(889, '1', 'edit data jumlah penduduk umur', '2014-07-24 03:00:05'),
(890, '1', 'edit data jumlah penduduk umur', '2014-07-24 03:00:05'),
(891, '1', 'edit data jumlah penduduk umur', '2014-07-24 03:00:05'),
(892, '1', 'edit data jumlah penduduk umur', '2014-07-24 03:00:05'),
(893, '1', 'edit data jumlah penduduk umur', '2014-07-24 03:00:05'),
(894, '1', 'edit data jumlah penduduk umur', '2014-07-24 03:00:05'),
(895, '1', 'edit data jumlah penduduk umur', '2014-07-24 03:00:05'),
(896, '1', 'edit data jumlah penduduk umur', '2014-07-24 03:00:05'),
(897, '1', 'edit data jumlah penduduk umur', '2014-07-24 03:00:05'),
(898, '1', 'edit data jumlah penduduk umur', '2014-07-24 03:00:05'),
(899, '1', 'edit data jumlah penduduk umur', '2014-07-24 03:00:05'),
(900, '1', '10', '2014-07-24 03:00:05'),
(901, '1', '10', '2014-07-24 03:00:05'),
(902, '1', '10', '2014-07-24 03:00:05'),
(903, '1', '10', '2014-07-24 03:00:05'),
(904, '1', '21', '2014-07-24 03:00:05'),
(905, '', 'Tambah data pegawai', '2014-06-23 02:49:12'),
(906, '1', 'tambah data jumlah penduduk umur', '2014-07-24 03:00:05'),
(907, '1', 'tambah data jumlah penduduk umur', '2014-07-24 03:00:05'),
(908, '1', 'tambah data jumlah penduduk umur', '2014-07-24 03:00:05'),
(909, '1', 'Tambah data jumlah penduduk berdasarkan umur', '2014-07-24 03:00:05'),
(910, '1', 'Tambah data jumlah penduduk berdasarkan umur', '2014-07-24 03:00:05'),
(911, '1', '21', '2014-07-24 03:00:05'),
(912, '1', '21', '2014-07-24 03:00:05'),
(913, '1', 'tambah berita', '2014-07-24 03:00:05'),
(914, '1', 'tambah berita', '2014-07-24 03:00:05'),
(915, '1', 'tambah berita', '2014-07-24 03:00:05'),
(916, '1', 'tambah berita', '2014-07-24 03:00:05'),
(917, '1', '21', '2014-07-24 03:00:05'),
(918, '1', 'tambah berita', '2014-07-24 03:00:05'),
(919, '1', '21', '2014-07-24 03:00:05'),
(920, '1', '21', '2014-07-24 03:00:05'),
(921, '1', '21', '2014-07-24 03:00:05'),
(922, '1', 'tambah berita', '2014-07-24 03:00:05'),
(923, '1', 'tambah berita', '2014-07-24 03:00:05'),
(924, '1', '21', '2014-07-24 03:00:05'),
(925, '1', 'tambah berita', '2014-07-24 03:00:05'),
(926, '1', '21', '2014-07-24 03:00:05'),
(927, '1', '21', '2014-07-24 03:00:05'),
(929, '1', 'edit berita', '2014-07-24 03:00:05'),
(930, '1', 'edit galeri dengan id 10', '2014-07-24 03:00:05'),
(931, '1', 'edit berita', '2014-07-24 03:00:05'),
(932, '1', 'edit berita', '2014-07-24 03:00:05'),
(933, '1', 'edit berita', '2014-07-24 03:00:05'),
(934, '1', 'edit berita', '2014-07-24 03:00:05'),
(935, '1', 'tambah berita', '2014-07-24 03:00:05'),
(936, '1', 'edit berita', '2014-07-24 03:00:05'),
(937, '1', 'Tambah data jumlah penduduk berdasarkan umur', '2014-07-24 03:00:05'),
(943, '1', 'tambah berita', '2014-07-24 03:00:05'),
(945, '1', 'Tambah data pegawai', '2014-07-24 03:00:05'),
(946, '1', 'Tambah data pegawai', '2014-07-24 03:00:05'),
(947, '1', 'Tambah data pegawai', '2014-07-24 03:00:05'),
(955, '1', 'tambah gallery', '2014-07-24 03:00:05'),
(956, '1', 'edit galeri dengan id 13', '2014-07-24 03:00:05'),
(957, '1', 'tambah gallery', '2014-07-24 03:00:05'),
(958, '1', 'edit galeri dengan id 6', '2016-01-27 01:37:17'),
(959, '1', 'edit galeri dengan id 6', '2016-01-27 01:37:27'),
(960, '1', 'Tambah data pegawai', '2016-02-17 08:05:36');

/*!40101 SET CHARACTER_SET_CLIENT=@OLD_CHARACTER_SET_CLIENT */;
/*!40101 SET CHARACTER_SET_RESULTS=@OLD_CHARACTER_SET_RESULTS */;
/*!40101 SET COLLATION_CONNECTION=@OLD_COLLATION_CONNECTION */;
